codigo;nombre;familia;tipo_venta;precio_venta;precio_coste;activo;iva
AV0001;ACAI LIOFILIZADO 70GR;ALIMENTACIÓN;UNIDAD;15.41;0;1;10
AV0001;PROBANDO;ALIMENTACIÓN;UNIDAD;0;0;0;10
AV0002;ACAI POLVO 50GR SALUD VIVA;ALIMENTACIÓN;UNIDAD;11.77;0;1;10
AV0004;ACEITE AOVE SIERRA YEGUAS 5 LITROS;ALIMENTACIÓN;PESO;59.57;47;1;4
AV0005;ACEITE AOVE SIERRA YEGUAS 500ML;ALIMENTACIÓN;UNIDAD;9.57;0;1;4
AV0006;ACEITE COCO 200ML;ALIMENTACIÓN;UNIDAD;7.23;0;1;10
AV0007;ACEITE COCO 400ML;ALIMENTACIÓN;UNIDAD;13.59;0;1;10
AV0008;ACEITE LINAZA 250 ML;ALIMENTACIÓN;UNIDAD;5.41;0;0;10
AV0009;ACEITE LINAZA 500 ML;ALIMENTACIÓN;UNIDAD;9.05;0;1;10
AV0010;ACEITE SESAMO TOSTADO 500 ML;ALIMENTACIÓN;UNIDAD;14.14;0;1;10
AV0011;ACEITUNAS ALOREÑAS 500 GR CRISTAL;ALIMENTACIÓN;UNIDAD;6.32;0;1;10
AV0012;ACELGAS MANOJO MALAGA;ALIMENTACIÓN;UNIDAD;3.08;0;1;4
AV0013;ACHICORIA SOLUBLE 100GR;ALIMENTACIÓN;UNIDAD;5.41;0;1;10
AV0014;AGUA ALCALINA IONIZADA 1;25L;UNIDAD;0;0;0;10
AV0015;AGUA BEZOYA CAJA 8 LITROS;ALIMENTACIÓN;PESO;4.5;0;1;10
AV0016;AJO BLANCO KG MALAGA;ALIMENTACIÓN;PESO;8.61;0;1;4
AV0017;AJO NEGRO BOTE 60GR;ALIMENTACIÓN;UNIDAD;3.59;0;1;10
AV0018;ALCACHOFA KG MALAGA;ALIMENTACIÓN;PESO;5.72;0;1;4
AV0019;ALGA DULSE 25GR;ALIMENTACIÓN;UNIDAD;3.17;0;1;4
AV0020;ALGA ENSALADA MAR 25GR;ALIMENTACIÓN;UNIDAD;2.84;0;1;4
AV0021;ALGA KOMBU 25GR;ALIMENTACIÓN;UNIDAD;2.31;0;1;4
AV0022;ALGA LECHUGA MAR 25GR;ALIMENTACIÓN;UNIDAD;2.5;0;1;0
AV0023;ALGA NORI SUSHI 6 UNDS;ALIMENTACIÓN;UNIDAD;3.59;0;1;10
AV0024;ALGA WAKAME 25 GR;ALIMENTACIÓN;UNIDAD;2.31;0;1;4
AV0025;ALMENDRA CRUDA PELADA KG ESPAÑA;ALIMENTACIÓN;PESO;20.14;0;1;4
AV0026;ALMENDRA CRUDA PIEL ESPAÑA KG;ALIMENTACIÓN;PESO;19.18;0;1;4
AV0027;ALTRAMUCES AL NATURAL 270GR;ALIMENTACIÓN;UNIDAD;4.09;0;1;10
AV0028;ALUBIA ADZUKI KG IMPORTACION;ALIMENTACIÓN;PESO;5.72;0;1;4
AV0029;ALUBIAS BLANCAS COCIDAS 370ML;ALIMENTACIÓN;UNIDAD;2;0;1;10
AV0030;ALUBIAS BLANCAS COCIDAS 720ML;ALIMENTACIÓN;UNIDAD;3.32;0;1;10
AV0031;ALUBIAS BLANCAS VERDURAS 370ML;ALIMENTACIÓN;UNIDAD;2.91;0;1;10
AV0032;ALUBIAS ROJAS COCIDAS 370GR;ALIMENTACIÓN;UNIDAD;2.18;0;1;10
AV0033;ALUBIAS ROJAS COCIDAS 720ML;ALIMENTACIÓN;UNIDAD;3.59;0;1;10
AV0034;ANACARDO KG VIETNAM;ALIMENTACIÓN;PESO;22.07;0;1;4
AV0035;APIO MALAGA;ALIMENTACIÓN;UNIDAD;3.12;0;1;4
AV0036;ARANDANO DESHIDRATADO 150 GR;ALIMENTACIÓN;UNIDAD;7.23;0;1;10
AV0037;ARROZ BASMATI BLANCO KG INDIA;ALIMENTACIÓN;PESO;6.68;0;1;4
AV0038;ARROZ BASMATI INTEGRAL KG INDIA;ALIMENTACIÓN;PESO;6.68;0;1;4
AV0039;ARROZ REDONDO BLANCO KG HUELVA;ALIMENTACIÓN;PESO;5.72;0;1;4
AV0040;ARROZ REDONDO INTEGRAL KG HUELVA;ALIMENTACIÓN;PESO;5.72;0;1;4
AV0041;ARROZ ROJO INTEGRAL KG;ALIMENTACIÓN;PESO;7.64;0;1;4
AV0042;AZUCAR COCO 400G;ALIMENTACIÓN;UNIDAD;5.41;0;1;10
AV0043;BATATA KG MALAGA;ALIMENTACIÓN;PESO;2.84;0;1;4
AV0044;BEBIDA ALMENDRAS SIN AZUCAR;ALIMENTACIÓN;UNIDAD;2.68;0;1;10
AV0045;BERENJENA KG MALAGA;ALIMENTACIÓN;PESO;3.8;0;1;4
AV0046;BIOCHOC AOVE 200 GR;ALIMENTACIÓN;UNIDAD;3.93;0;1;21
AV0047;BIOCHOC AVELLANA 200 GR;ALIMENTACIÓN;UNIDAD;4.5;0;1;10
AV0048;BIOGURT COCO NATURAL 400 GR;ALIMENTACIÓN;UNIDAD;4.14;0;1;10
AV0049;BIZCOCHO COCO SIN AZUCAR;ALIMENTACIÓN;UNIDAD;3.59;0;1;10
AV0052;BROCOLI KG MURCIA;ALIMENTACIÓN;PESO;4.76;0;1;4
AV0053;CACAO TOSTADO POLVO 250gr;ALIMENTACIÓN;UNIDAD;9.05;0;1;10
AV0054;CAFE GRANO MEXICO 250GR;ALIMENTACIÓN;UNIDAD;7.23;0;1;10
AV0055;CAFE GRANO TOSTADO ARABICA 500 GR;ALIMENTACIÓN;UNIDAD;11.77;0;1;10
AV0056;CAFE MOLIDO ARABICA 250GR;ALIMENTACIÓN;UNIDAD;5.41;0;1;10
AV0057;CAFE MOLIDO COLOMBIA 250 GR;ALIMENTACIÓN;UNIDAD;8.14;0;1;10
AV0058;CAFE MOLIDO DESCAFEINADO 250 GR;ALIMENTACIÓN;UNIDAD;8.14;0;1;10
AV0059;CAFE MOLIDO DESTINATION ARABICA 250GR;ALIMENTACIÓN;UNIDAD;9.05;0;1;10
AV0060;CAFE MOLIDO MEXICO 250GR;ALIMENTACIÓN;UNIDAD;8.14;0;1;10
AV0061;CAFE MOLIDO PERU 250 GR;ALIMENTACIÓN;UNIDAD;6.68;0;1;4
AV0062;CAFE SOLUBLE ARABICA 100GR;ALIMENTACIÓN;UNIDAD;12.68;0;1;10
AV0063;CAFE SOLUBLE DESAYUNO 100GR;ALIMENTACIÓN;UNIDAD;9.05;0;1;10
AV0064;CALABACIN VERDE KG MALAGA;ALIMENTACIÓN;PESO;3.8;0;1;4
AV0065;CALABAZA CACAHUETE KG MALAGA;ALIMENTACIÓN;PESO;2.64;0;1;4
AV0066;CALABAZA HOKAIDO MALAGA KG;ALIMENTACIÓN;PESO;3.8;0;1;4
AV0067;CALDO HUESOS 870ML;ALIMENTACIÓN;UNIDAD;17.23;0;1;10
AV0068;CALDO POLLO 1 LITRO;ALIMENTACIÓN;PESO;3;0;1;10
AV0069;CALDO VEGETAL CUBITOS 60 GR;ALIMENTACIÓN;UNIDAD;2;0;1;10
AV0070;CALDO VEGETAL CUBITOS SIN SAL 68GR;ALIMENTACIÓN;UNIDAD;2.5;0;1;10
AV0071;CALDO VERDURAS 1 LITRO;ALIMENTACIÓN;PESO;2.91;0;1;10
AV0072;CEBOLLA FRESCA KG MALAGA;ALIMENTACIÓN;PESO;3.49;0;1;4
AV0073;CEBOLLA ROJA KG MALAGA;ALIMENTACIÓN;PESO;2.84;0;1;4
AV0074;CEBOLLA SECA KG MALAGA;ALIMENTACIÓN;PESO;2.36;0;1;4
AV0075;CEBOLLETA FRESCA MANOJO MALAGA;ALIMENTACIÓN;UNIDAD;2.84;0;1;4
AV0076;CHAMPIÑON LAMINADO 250ML;ALIMENTACIÓN;UNIDAD;2.68;0;1;10
AV0077;CHAMPIÑON PORTOBELLO KG ESPAÑA;ALIMENTACIÓN;PESO;10.53;0;1;4
AV0078;CHIA SEMILLAS KG PARAGUAY;ALIMENTACIÓN;PESO;13.41;0;1;4
AV0079;CHOCOLATE AOVE SAL 80GR;ALIMENTACIÓN;UNIDAD;4.5;0;1;10
AV0080;CHOCOLATE NEGRO 100% CACAO;ALIMENTACIÓN;UNIDAD;3.59;0;1;10
AV0081;CHOCOLATE NEGRO 65% ISABEL;ALIMENTACIÓN;UNIDAD;4.5;0;1;10
AV0082;CHOCOLATE NEGRO 74% CACAO;ALIMENTACIÓN;UNIDAD;2.68;0;1;10
AV0083;CHOCOLATE NEGRO 78% S/A;ALIMENTACIÓN;UNIDAD;3.14;0;1;10
AV0084;CHOCOLATE NEGRO 87% S/A;ALIMENTACIÓN;UNIDAD;3.14;0;1;10
AV0085;CHOCOLATE NEGRO QUINOA 100GR;ALIMENTACIÓN;UNIDAD;2.68;0;1;10
AV0086;CHOCOLATE NEGRO S/A ALMENDRAS;ALIMENTACIÓN;UNIDAD;3.59;0;1;10
AV0087;CHUCRUT COL BLANCA 360 GR;ALIMENTACIÓN;UNIDAD;2.68;0;1;10
AV0088;CHUCRUT COL BLANCA 680 GR;ALIMENTACIÓN;UNIDAD;3.59;0;1;10
AV0089;CILANTRO FRESCO MANOJO;ALIMENTACIÓN;UNIDAD;2.84;0;1;4
AV0090;CILANTRO SEMILLA 20 GR;ALIMENTACIÓN;UNIDAD;2.31;0;1;4
AV0091;CIRUELA AMARILLA KG PIZARRA;ALIMENTACIÓN;PESO;4.76;0;1;4
AV0092;CIRUELA PASA SIN HUESO 250GR;ALIMENTACIÓN;UNIDAD;6.68;0;1;4
AV0093;CLAVO KG IMPORTACION;ALIMENTACIÓN;PESO;54.5;0;1;10
AV0094;CLORELA 150GR;ALIMENTACIÓN;UNIDAD;12.68;0;1;10
AV0095;COCO ESCAMAS CRUJIENTE 200GR;ALIMENTACIÓN;UNIDAD;2.84;0;1;4
AV0096;COCO RALLADO FINO 200GR;ALIMENTACIÓN;UNIDAD;3.8;0;1;4
AV0097;COL LOMBARDA KG MALAGA;ALIMENTACIÓN;PESO;3.8;0;1;4
AV0098;COL VERDE KG MALAGA;ALIMENTACIÓN;PESO;2.84;0;1;4
AV0099;COLIFLOR BLANCA UNIDAD MALAGA;ALIMENTACIÓN;UNIDAD;3.08;0;1;4
AV0100;COLINABO UNIDAD MALAGA;ALIMENTACIÓN;UNIDAD;2.84;0;1;4
AV0101;COPA MENSTRUAL REUTILIZABLE MOONCUP;ALIMENTACIÓN;UNIDAD;23.18;0;1;21
AV0102;COPOS AVENA FINOS 1KG;ALIMENTACIÓN;PESO;5;0;1;10
AV0103;COPOS AVENA GRUESOS INTEGRALES 500G;ALIMENTACIÓN;UNIDAD;2.68;0;1;10
AV0104;COPOS AVENA SIN GLUTEN 500 GR;ALIMENTACIÓN;UNIDAD;4.09;0;1;10
AV0105;COPOS SARRACENO SIN GLUTEN 500GR;ALIMENTACIÓN;UNIDAD;4.5;0;1;10
AV0106;CORN FLAKES SIN AZUCAR 250GR;ALIMENTACIÓN;UNIDAD;3.59;0;1;10
AV0107;COUSCOUS INTEGRAL KG FRANCIA;ALIMENTACIÓN;PESO;3.8;0;1;4
AV0108;CRACKERS EMMENTAL CALABAZA 200GR;ALIMENTACIÓN;UNIDAD;4.5;0;1;10
AV0109;CRACKIS ESPELTA 250GR;ALIMENTACIÓN;UNIDAD;2.91;0;1;10
AV0110;CRACKIS ESPELTA CURCUMA 250GR;ALIMENTACIÓN;UNIDAD;2.91;0;1;10
AV0111;CREMA ALGARROBA 390GR;ALIMENTACIÓN;UNIDAD;5.36;0;1;10
AV0112;CREMA ALMENDRA PELADA 210 GR;ALIMENTACIÓN;UNIDAD;6.32;0;1;10
AV0113;CREMA ALMENDRA PELADA 325 GR;ALIMENTACIÓN;UNIDAD;11.77;0;1;10
AV0114;CREMA ANACARDO CRUDO 210GR;ALIMENTACIÓN;UNIDAD;5.41;0;1;10
AV0115;CREMA ARROZ COCINAR 200ML;ALIMENTACIÓN;UNIDAD;1.77;0;1;10
AV0116;CREMA AVENA COCINAR 200ML;ALIMENTACIÓN;UNIDAD;1.77;0;1;10
AV0117;CREMA CACAHUETE 250 GR;ALIMENTACIÓN;UNIDAD;4.5;0;1;10
AV0118;CREMA CACAHUETE 400 GR;ALIMENTACIÓN;UNIDAD;6.77;0;1;10
AV0119;CREMA CALABACIN 485GR;ALIMENTACIÓN;UNIDAD;3.18;0;1;10
AV0120;CREMA CALABAZA 485GRS.;ALIMENTACIÓN;UNIDAD;3.18;0;1;10
AV0121;CREMA COCO COCINAR 200ML;ALIMENTACIÓN;UNIDAD;2.09;0;1;10
AV0122;CREMA PISTACHOS 210 GR;ALIMENTACIÓN;UNIDAD;13.59;0;1;10
AV0123;CREMA PUERROS 485GR;ALIMENTACIÓN;UNIDAD;3.18;0;1;10
AV0124;CREMA SOJA COCINAR 200ML;ALIMENTACIÓN;UNIDAD;2;0;1;10
AV0125;CURCUMA FRESCA KG IMPORTACION;ALIMENTACIÓN;PESO;9.05;0;1;10
AV0126;DATIL MEDJOUL KG ISRAEL;ALIMENTACIÓN;PESO;19.18;0;1;4
AV0127;DATIL SIN HUESO KG TUNEZ;ALIMENTACIÓN;PESO;11.49;0;1;4
AV0129;DULCE MEMBRILLO 350GRS;ALIMENTACIÓN;UNIDAD;3.59;0;1;10
AV0130;ERITRITOL 500GR ECO;ALIMENTACIÓN;UNIDAD;9.05;0;1;10
AV0131;ESCALOPINES SOJA Y LEGUMBRES 250GR;ALIMENTACIÓN;UNIDAD;4.92;0;1;21
AV0132;ESPAGUETI ARTESANOS BLANCOS 400GR;ALIMENTACIÓN;UNIDAD;3.59;0;1;10
AV0133;ESPAGUETIS ARROZ QUINOA 250GR;ALIMENTACIÓN;UNIDAD;4.09;0;1;10
AV0134;ESPAGUETIS TRIGO BLANCO 250GR;ALIMENTACIÓN;UNIDAD;2.91;0;1;10
AV0135;ESPARRAGOS VERDES MANOJO 250;ALIMENTACIÓN;UNIDAD;3.8;0;1;4
AV0136;ESPELTA GRANO 500GR;ALIMENTACIÓN;UNIDAD;2.84;0;1;4
AV0137;ESPINACAS MANOJO MALAGA;ALIMENTACIÓN;UNIDAD;3.51;0;1;4
AV0138;ESPIRALES GUISANTES 250GR;ALIMENTACIÓN;UNIDAD;3.59;0;1;10
AV0139;ESPIRALES TRIGO SARRACENO 500 GR;ALIMENTACIÓN;UNIDAD;8.14;0;1;10
AV0140;ESPIRULINA COMPRIMIDOS 160 UND;ALIMENTACIÓN;UNIDAD;19.18;0;1;4
AV0141;ESPIRULINA COMPRIMIDOS 300 UND;ALIMENTACIÓN;UNIDAD;30.72;0;1;4
AV0142;ESPIRULINA HEBRAS 150GR;ALIMENTACIÓN;UNIDAD;28.8;0;1;4
AV0143;ESPIRULINA HEBRAS 80GR;ALIMENTACIÓN;UNIDAD;18.22;0;1;4
AV0144;ESTEVIA HOJA KG MALAGA;ALIMENTACIÓN;PESO;53.8;0;1;4
AV0145;FIDEO ESPELTA INTEGRAL 400GR;ALIMENTACIÓN;UNIDAD;4.5;0;1;10
AV0146;FIDEO FINO ARROZ Y QUINOA 500GR;ALIMENTACIÓN;UNIDAD;5.72;0;1;4
AV0147;FILETES ATUN BOTE 195GR;ALIMENTACIÓN;UNIDAD;7.23;0;1;10
AV0148;FILETES ATUN NATURAL 195 GR;ALIMENTACIÓN;UNIDAD;5.41;0;1;10
AV0149;FILETES CABALLA AOVE 195 GR;ALIMENTACIÓN;UNIDAD;5.91;0;1;10
AV0150;FILETES CABALLA AOVE LATA 120 GR;ALIMENTACIÓN;UNIDAD;3.59;0;1;10
AV0151;FILETES CABALLA NATURAL 195 GR;ALIMENTACIÓN;UNIDAD;3.84;0;1;21
AV0152;FILETES MELVA ANDALUCIA BOTE 195GR;ALIMENTACIÓN;UNIDAD;8.14;0;1;10
AV0153;FUSILLI 4 CEREALES 500GR;ALIMENTACIÓN;UNIDAD;6.68;0;1;4
AV0154;FUSILLI PRIMAVERA KG;ALIMENTACIÓN;PESO;9.05;0;1;10
AV0155;GALLETAS CHOCOLATE 4 UNDS;ALIMENTACIÓN;UNIDAD;4.5;0;1;10
AV0156;GALLETAS MULTISEMILLAS 4 UNDS;ALIMENTACIÓN;UNIDAD;5.41;0;1;10
AV0157;GARBANZO BLANCO LECHOSO KG ESPAÑA;ALIMENTACIÓN;PESO;4.76;0;1;4
AV0158;GARBANZO BLANCO PEDROSILLANO ESPAÑA;ALIMENTACIÓN;UNIDAD;5.95;0;1;0
AV0159;GARBANZOS COCIDOS 370ML;ALIMENTACIÓN;UNIDAD;2.09;0;1;10
AV0160;GARBANZOS COCIDOS 720ML;ALIMENTACIÓN;UNIDAD;3.23;0;1;10
AV0161;GAZPACHO ANDALUZ 1 LITRO;ALIMENTACIÓN;PESO;3.59;0;1;10
AV0162;GAZPACHO SANDIA 1L;ALIMENTACIÓN;UNIDAD;4.05;0;1;10
AV0163;GOFIO MAIZ INTEGRAL 500 GR;ALIMENTACIÓN;UNIDAD;3.59;0;1;10
AV0164;GOMASIO NATURAL 120 GR;ALIMENTACIÓN;UNIDAD;3.86;0;1;10
AV0165;GUACAMOLE 200GR;ALIMENTACIÓN;UNIDAD;2.91;0;1;10
AV0166;GUISANTES FINOS 350GR;ALIMENTACIÓN;UNIDAD;2.68;0;1;10
AV0167;GUISANTES MALAGA KG;ALIMENTACIÓN;PESO;7.64;0;1;4
AV0168;GUISANTES VERDES SECOS 500GR;ALIMENTACIÓN;UNIDAD;3.8;0;1;4
AV0169;HABAS AL NATURAL 350GR;ALIMENTACIÓN;UNIDAD;3.23;0;1;10
AV0170;HABAS MALAGA KG;ALIMENTACIÓN;PESO;4.76;0;1;4
AV0171;HAMBURGUESA VEGETAL 2 UND;ALIMENTACIÓN;UNIDAD;3.41;0;1;10
AV0172;HAMBURGUESA VEGETAL 2 UND;ALIMENTACIÓN;UNIDAD;3.26;0;1;21
AV0173;HARINA ALGARROBA 350gr;ALIMENTACIÓN;UNIDAD;4.5;0;1;10
AV0174;HARINA ALMENDRA 300 gr;ALIMENTACIÓN;UNIDAD;9.57;0;1;4
AV0175;HARINA ALMENDRA 500 gr;ALIMENTACIÓN;UNIDAD;9.57;0;1;4
AV0176;HARINA ALMENDRA PELADA 1 KG;ALIMENTACIÓN;PESO;18.35;0;1;21
AV0177;HARINA ARROZ 500GR;ALIMENTACIÓN;UNIDAD;3.59;0;1;10
AV0178;HARINA AVENA 500GR;ALIMENTACIÓN;UNIDAD;3.59;0;1;10
AV0179;HARINA CENTENO INTEGRAL KG;ALIMENTACIÓN;PESO;2.95;0;1;0
AV0180;HARINA COCO 500GR;ALIMENTACIÓN;UNIDAD;2.84;0;1;4
AV0181;HARINA ESPELTA BLANCA KG;ALIMENTACIÓN;PESO;5.29;0;1;4
AV0182;HARINA ESPELTA INTEGRAL KG;ALIMENTACIÓN;PESO;6.68;0;1;4
AV0183;HARINA GARBANZO KG;ALIMENTACIÓN;PESO;7.4;0;1;0
AV0184;HARINA GARBANZOS 500GR;ALIMENTACIÓN;UNIDAD;4.5;0;1;10
AV0185;HARINA MAIZ KG ESPAÑA;ALIMENTACIÓN;PESO;6.6;0;1;0
AV0186;HARINA TRIGO BLANCO KG;ALIMENTACIÓN;PESO;2.84;0;1;4
AV0187;HARINA TRIGO INTEGRAL KG;ALIMENTACIÓN;PESO;2.31;0;1;4
AV0188;HARINA TRIGO SARRACENO 500GR S/GLUT;ALIMENTACIÓN;UNIDAD;4.76;0;1;4
AV0189;HELADO KEFIR MANGO 500ML;ALIMENTACIÓN;UNIDAD;7.23;0;1;10
AV0190;HELADO VEGANO CHOCOLATE 480ML;ALIMENTACIÓN;UNIDAD;6.32;0;1;10
AV0191;HELADO VEGANO FRESA 480ML;ALIMENTACIÓN;UNIDAD;7.23;0;1;10
AV0192;HELADO VEGANO MANGO 480ML;ALIMENTACIÓN;UNIDAD;5.41;0;1;10
AV0193;HELADO YOGUR ARANDANO 500ML;ALIMENTACIÓN;UNIDAD;7.23;0;1;10
AV0194;HELADO YOGUR CHOCOLATE 500ML;ALIMENTACIÓN;UNIDAD;7.23;0;1;10
AV0195;HELADO YOGUR VAINILLA 3 UND;ALIMENTACIÓN;UNIDAD;5.95;0;1;10
AV0196;HIERBABUENA MANOJO COIN;ALIMENTACIÓN;UNIDAD;2.36;0;1;4
AV0197;HINOJO KG MALAGA;ALIMENTACIÓN;PESO;3.8;0;1;4
AV0198;HUMMUS GARBANZOS 210GR;ALIMENTACIÓN;UNIDAD;4.5;0;1;10
AV0199;JABON AVENA ARTESANAL;ALIMENTACIÓN;UNIDAD;6.35;0;1;4
AV0200;JENGIBRE DESHIDRATADO AZUCAR KG;ALIMENTACIÓN;PESO;13.59;0;1;10
AV0201;JENGIBRE FRESCO KG PERU;ALIMENTACIÓN;PESO;7.23;0;1;10
AV0202;JUDIA KG MALAGA;ALIMENTACIÓN;PESO;6.68;0;1;4
AV0203;JUDIAS VERDES BOTE 340GR;ALIMENTACIÓN;UNIDAD;2.68;0;1;10
AV0204;JUGO ALOE VERA 500ML;ALIMENTACIÓN;UNIDAD;12.68;0;1;10
AV0205;KALE VERDE MANOJO;ALIMENTACIÓN;UNIDAD;2.84;0;1;4
AV0206;KETCHUP SALSA 240 ML;ALIMENTACIÓN;UNIDAD;5.41;0;1;10
AV0207;LECHE CABRA ENTERA 1 LITRO;ALIMENTACIÓN;PESO;6.68;0;1;4
AV0208;LECHE COCO 200ML;ALIMENTACIÓN;UNIDAD;2;0;1;10
AV0209;LECHE COCO 500ML;ALIMENTACIÓN;UNIDAD;3.41;0;1;10
AV0210;LECHE ENTERA 1 LITRO;ALIMENTACIÓN;PESO;1.88;0;1;4
AV0211;LECHUGA MALAGA UNIDAD;ALIMENTACIÓN;UNIDAD;1.88;0;1;4
AV0212;LENTEJA CASTELLANA KG ESPAÑA;ALIMENTACIÓN;PESO;6.68;0;1;4
AV0213;LENTEJA COCIDA BOTE 350GR;ALIMENTACIÓN;UNIDAD;2.14;0;1;10
AV0214;LENTEJA COCIDA BOTE 720ML;ALIMENTACIÓN;UNIDAD;2.91;0;1;10
AV0215;LENTEJA CORAL TURQUIA KG;ALIMENTACIÓN;PESO;5.41;0;1;10
AV0216;LENTEJA PARDINA KG ESPAÑA;ALIMENTACIÓN;PESO;4.76;0;1;4
AV0217;LEVADURA NUTRICIONAL B12 150GR;ALIMENTACIÓN;UNIDAD;8.14;0;1;10
AV0218;LEVADURA PANIFICACIÓN POLVO SOBRE 9GR;ALIMENTACIÓN;UNIDAD;1.09;0;1;10
AV0219;LEVANTAMUERTOS ESPIRULINA 220GR;ALIMENTACIÓN;UNIDAD;9.05;0;1;10
AV0220;LEVANTAMUERTOS MIEL POLEN 1000 GR;ALIMENTACIÓN;UNIDAD;27.23;0;1;10
AV0221;LEVANTAMUERTOS MIEL POLEN 220 GR;ALIMENTACIÓN;UNIDAD;8.14;0;1;10
AV0222;LEVANTAMUERTOS MIEL POLEN 500 GR;ALIMENTACIÓN;UNIDAD;15.41;0;1;10
AV0223;LOMOS BONITO EN ACEITE 195GR;ALIMENTACIÓN;UNIDAD;8.14;0;1;10
AV0224;LOMOS SALMON SALVAJE ACEITE 195 GR;ALIMENTACIÓN;UNIDAD;9.05;0;1;10
AV0225;MACA 250 GR;ALIMENTACIÓN;UNIDAD;10.86;0;1;10
AV0226;MACADAMIAS 100GR;ALIMENTACIÓN;UNIDAD;0;0;1;21
AV0227;MACARRONES ARTESANOS ESPELTA INT KG;ALIMENTACIÓN;PESO;10.53;0;1;4
AV0228;MACARRONES ARTESANOS TRIGO BLANCO;ALIMENTACIÓN;UNIDAD;7.64;0;1;4
AV0229;MACEDONIA VERDURAS 345 GR;ALIMENTACIÓN;UNIDAD;2.68;0;1;10
AV0230;MAIZ DULCE COCIDO BOTE 350G;ALIMENTACIÓN;UNIDAD;3;0;1;10
AV0231;MAIZ DULCE COCIDO BOTE 680G;ALIMENTACIÓN;UNIDAD;4.76;0;1;4
AV0232;MAIZ PALOMITERO KG;ALIMENTACIÓN;PESO;4.76;0;1;4
AV0233;MANGO DESHIDRATADO KG COSTA RICA;ALIMENTACIÓN;PESO;27.23;0;1;10
AV0234;MAYONESA CAL VALLS 190GR;ALIMENTACIÓN;UNIDAD;3.59;0;1;10
AV0235;MAYONESA PACK 3 X 125ML;ALIMENTACIÓN;UNIDAD;4.5;0;1;10
AV0236;MAYONESA VEGANA DEM 190G;ALIMENTACIÓN;UNIDAD;3.59;0;1;10
AV0237;MAZORCA MAIZ DULCE COCIDO;ALIMENTACIÓN;UNIDAD;2.68;0;1;10
AV0238;MELAZA CAÑA 900GR;ALIMENTACIÓN;UNIDAD;8.14;0;1;10
AV0239;MERMELADA ARANDANO 275 GR;ALIMENTACIÓN;UNIDAD;4.5;0;1;10
AV0240;MERMELADA CEREZAS SIN AZUCAR 250 GR;ALIMENTACIÓN;UNIDAD;6.32;0;1;10
AV0241;MERMELADA FRAMBUESA 275 GR BOTE;ALIMENTACIÓN;UNIDAD;3.59;0;1;10
AV0242;MERMELADA FRESA 275 GR;ALIMENTACIÓN;UNIDAD;3.32;0;1;10
AV0243;MERMELADA FRESA SIN AZUCAR 275 GR;ALIMENTACIÓN;UNIDAD;3.59;0;1;10
AV0244;MERMELADA HIGO SIN AZUCAR 250 GR;ALIMENTACIÓN;UNIDAD;4.5;0;1;10
AV0245;MERMELADA MANDARINA SIN AZUCAR 275G;ALIMENTACIÓN;UNIDAD;3.59;0;1;10
AV0246;MERMELADA MANGO 275 GR BOTE;ALIMENTACIÓN;UNIDAD;3.59;0;1;10
AV0247;MERMELADA MELOCOTON 275 GR;ALIMENTACIÓN;UNIDAD;3.59;0;1;10
AV0248;MERMELADA MORA 275 GR BOTE;ALIMENTACIÓN;UNIDAD;4.76;0;1;4
AV0249;MERMELADA MORA SIN AZUCAR 275 GR;ALIMENTACIÓN;UNIDAD;4.5;0;1;10
AV0250;MERMELADA NARANJA 275 GR;ALIMENTACIÓN;UNIDAD;3.59;0;1;10
AV0251;MIEL CRUDA 375 GR;ALIMENTACIÓN;UNIDAD;7.23;0;1;10
AV0252;MIEL CRUDA 800 GR;ALIMENTACIÓN;UNIDAD;12.68;0;1;10
AV0253;MIEL CRUDA FLORES SILVESTRES 1KG;ALIMENTACIÓN;PESO;14.95;0;1;0
AV0254;MIEL ESPIRULINA 230GR;ALIMENTACIÓN;UNIDAD;8.14;0;1;10
AV0255;MIEL MIL FLORES EL MATORRAL 1000GR;ALIMENTACIÓN;UNIDAD;9.05;0;1;10
AV0256;MIEL MIL FLORES EL MATORRAL 500GR;ALIMENTACIÓN;UNIDAD;5.41;0;1;10
AV0257;MIELATO ENCINA 375 GR;ALIMENTACIÓN;UNIDAD;7.23;0;1;10
AV0258;MIELATO ENCINA 800 GR;ALIMENTACIÓN;UNIDAD;12.68;0;1;10
AV0259;MIX PROTEINAS 200GR;ALIMENTACIÓN;UNIDAD;10.86;0;1;10
AV0260;MOSTAZA FRANCESA 200GR;ALIMENTACIÓN;UNIDAD;3.95;0;1;10
AV0261;MOSTAZA GRUESA 200GR;ALIMENTACIÓN;UNIDAD;4.5;0;1;10
AV0262;MUESLI CON CHOCOLATE SIN GLUTEN 3 75 g;ALIMENTACIÓN;UNIDAD;4.5;0;1;10
AV0263;MUESLI CON FRUTOS ROJOS SIN GLUTEN 375 g;ALIMENTACIÓN;UNIDAD;4.5;0;1;10
AV0264;NACHOS BIOROLL'S CON TOMATE 125 g;ALIMENTACIÓN;UNIDAD;2.68;0;1;10
AV0265;NACHOS MAIZ 125 GR;ALIMENTACIÓN;UNIDAD;2.68;0;1;10
AV0266;NIDO TALLARINES ARTESANOS BLANCOS K;ALIMENTACIÓN;UNIDAD;8.14;0;1;10
AV0267;NIDO TALLARINES TRIGO INTEGRAL KG;ALIMENTACIÓN;PESO;9.57;0;1;4
AV0268;NUECES MACADAMIA 100GR;ALIMENTACIÓN;UNIDAD;5.72;0;1;4
AV0269;NUECES PELADAS MITADES KG;ALIMENTACIÓN;PESO;19.18;0;1;4
AV0270;NUEZ MOSCADA GRANO 25GR;ALIMENTACIÓN;UNIDAD;3.59;0;1;10
AV0271;NUEZ MOSCADA MOLIDA 35GR;ALIMENTACIÓN;UNIDAD;4.5;0;1;10
AV0272;NUEZ PECANA CASCARA KG MALAGA;ALIMENTACIÓN;PESO;12.45;0;1;4
AV0273;OMWATER FLYING KIT;ALIMENTACIÓN;UNIDAD;7.77;0;1;21
AV0274;OREJONES ALBARICOQUE 250GR;ALIMENTACIÓN;UNIDAD;9.57;0;1;4
AV0275;PAN ESPELTA INTEGRAL 1 KG COIN;ALIMENTACIÓN;PESO;7.64;0;1;4
AV0276;PAN ESPELTA INTEGRAL 500 GR COIN;ALIMENTACIÓN;UNIDAD;4.76;0;1;4
AV0277;PAN MOLDE MULTICEREALES 1 KG COIN;ALIMENTACIÓN;PESO;9.9;0;1;0
AV0278;PAN MOLDE MULTICEREALES 500 GR COIN;ALIMENTACIÓN;UNIDAD;4.5;0;1;10
AV0279;PAN SARRACENO 1 KG COIN;ALIMENTACIÓN;PESO;10.86;0;1;10
AV0280;PAN SARRACENO 1/2 KG COIN;ALIMENTACIÓN;PESO;5.41;0;1;10
AV0281;PAN SARRACENO Y QUINOA 1 KG COIN;ALIMENTACIÓN;PESO;11.77;0;1;10
AV0282;PAN SARRACENO Y QUINOA 500 GR COIN;ALIMENTACIÓN;UNIDAD;4.5;0;1;10
AV0283;PAN TRIGO INTEGRAL 1 KG COIN;ALIMENTACIÓN;PESO;4.76;0;1;4
AV0284;PAPEL ARROZ ROLLITOS 100GR;ALIMENTACIÓN;UNIDAD;3.08;0;1;4
AV0285;PASAS SULTANAS KG TURQUIA;ALIMENTACIÓN;PESO;11.49;0;1;4
AV0286;PASTA UMEBOSHI 150 GR;ALIMENTACIÓN;UNIDAD;12.45;0;1;4
AV0287;PASTA VAINILLA BOURBON 270GR;ALIMENTACIÓN;UNIDAD;14.64;0;1;10
AV0288;PATATA BLANCA MALAGA KG;ALIMENTACIÓN;PESO;2.64;0;1;4
AV0289;PATATAS FRITAS ACEITE OLIVA 130GR;ALIMENTACIÓN;UNIDAD;2.68;0;1;10
AV0290;PATE ACEITUNAS NEGRAS 220 GR;ALIMENTACIÓN;UNIDAD;3.95;0;1;10
AV0291;PATE ACEITUNAS VERDE 220 GR;ALIMENTACIÓN;UNIDAD;4.04;0;1;4
AV0292;PATE TOMATE SECO 260 GR;ALIMENTACIÓN;UNIDAD;4.5;0;1;10
AV0293;PEPINO FRANCES MALAGA KG;ALIMENTACIÓN;PESO;4.76;0;1;4
AV0294;PICOS TRIGO ESPELTA 150 GR;ALIMENTACIÓN;UNIDAD;2.84;0;1;4
AV0295;PIMIENTO PIQUILLO ASADO 212ML;ALIMENTACIÓN;UNIDAD;5.41;0;1;10
AV0296;PIMIENTO ROJO ASAR KG MALAGA;ALIMENTACIÓN;PESO;4.76;0;1;4
AV0297;PIMIENTO VERDE FREIR MALAGA KG;ALIMENTACIÓN;PESO;4.76;0;1;4
AV0298;PISTO ANDALUZ BOTE 400 GR;ALIMENTACIÓN;UNIDAD;6.32;0;1;10
AV0299;PIÑONES PELADOS BOTE 45 GR;ALIMENTACIÓN;UNIDAD;5.41;0;1;10
AV0300;POLEN FRESCO EL MATORRAL;ALIMENTACIÓN;UNIDAD;7.23;0;1;10
AV0301;PROPOLEO JARABE MATORRAL 30 ML;ALIMENTACIÓN;UNIDAD;8.73;0;1;10
AV0302;PROTEINA CAÑAMO 250 GR;ALIMENTACIÓN;UNIDAD;9.05;0;1;10
AV0303;PROTEINA GUISANTE 250GR;ALIMENTACIÓN;UNIDAD;9.05;0;1;10
AV0304;PROTEINA VEGANA CACAO 350GR;ALIMENTACIÓN;UNIDAD;18.14;0;1;10
AV0305;PROTEINA VEGANA PLUS 200GR;ALIMENTACIÓN;UNIDAD;10.86;0;1;10
AV0306;PSYLLIUM CASCARA 125 GR;ALIMENTACIÓN;UNIDAD;9.05;0;1;10
AV0307;PUERRO KG MALAGA;ALIMENTACIÓN;PESO;2.84;0;1;4
AV0308;QUESO FETTA 180GR;ALIMENTACIÓN;UNIDAD;6.68;0;1;4
AV0309;QUESO OVEJA TIERNO 200GR;ALIMENTACIÓN;UNIDAD;6.68;0;1;4
AV0310;QUESO VEGANO HIERBAS PROVENZALES;ALIMENTACIÓN;UNIDAD;9.05;0;1;10
AV0311;QUINOA KG HUELVA;ALIMENTACIÓN;PESO;7.64;0;1;4
AV0312;REMOLACHA COCIDA 500GR;ALIMENTACIÓN;UNIDAD;2.23;0;1;10
AV0313;REMOLACHA COCIDA BOTE 340 GR;ALIMENTACIÓN;UNIDAD;2.68;0;1;10
AV0314;REMOLACHA MALAGA;ALIMENTACIÓN;UNIDAD;3.37;0;1;4
AV0315;RUCULA MALAGA UNIDAD;ALIMENTACIÓN;UNIDAD;2.64;0;1;4
AV0316;SALCHICHA VEGANA 230GR;ALIMENTACIÓN;UNIDAD;5.41;0;1;10
AV0317;SALSA AL PESTO 240ML;ALIMENTACIÓN;UNIDAD;5.41;0;1;10
AV0318;SALSA BRAVA 240ML;ALIMENTACIÓN;UNIDAD;3.63;0;1;10
AV0319;SALSA CESAR 240ML;ALIMENTACIÓN;UNIDAD;3.59;0;1;10
AV0320;SALSA CHIMICHURRI BOTE 110GR;ALIMENTACIÓN;UNIDAD;4.5;0;1;10
AV0321;SALSA MEJICANA BOTE 225GR;ALIMENTACIÓN;UNIDAD;4.5;0;1;10
AV0322;SALSA MOJO PICON BOTE 240GR;ALIMENTACIÓN;UNIDAD;3.59;0;1;10
AV0323;SALSA ROMESCO 240ML;ALIMENTACIÓN;UNIDAD;4.5;0;1;10
AV0324;SALSA SOJA ORIGEN JAPÓN 150 ML;ALIMENTACIÓN;UNIDAD;4.5;0;1;10
AV0325;SALSA TAMARI 250 ML;ALIMENTACIÓN;UNIDAD;7.23;0;1;10
AV0326;SALSA TAMARI 500 ML;ALIMENTACIÓN;UNIDAD;11.77;0;1;10
AV0327;SALSA TOMATE 350GR;ALIMENTACIÓN;UNIDAD;2.45;0;1;10
AV0328;SARDINAS 3/4 PIEZAS BOTE 195 GR;ALIMENTACIÓN;UNIDAD;7.23;0;1;10
AV0329;SEITAN FRESCO 250GR;ALIMENTACIÓN;UNIDAD;4.5;0;1;10
AV0330;SEMILLAS CALABAZA 250GR;ALIMENTACIÓN;UNIDAD;4.5;0;1;10
AV0331;SEMILLAS CALABAZA KG IMPORTACION;ALIMENTACIÓN;PESO;12.68;0;1;10
AV0332;SEMILLAS CAÑAMO PELADO 250 GR;ALIMENTACIÓN;UNIDAD;8.14;0;1;10
AV0333;SEMILLAS FENOGRECO 125GR;ALIMENTACIÓN;UNIDAD;3.59;0;1;10
AV0334;SEMILLAS GIRASOL KG PARAGUAY;ALIMENTACIÓN;PESO;6.32;0;1;10
AV0335;SEMOLA MAIZ POLENTA 500GR;ALIMENTACIÓN;UNIDAD;3.05;0;1;10
AV0336;SETAS SHIITAKE BOTE 275ML;ALIMENTACIÓN;UNIDAD;4.86;0;1;10
AV0337;SETAS SHIITAKE DESHIDRATADAS 25GR;ALIMENTACIÓN;UNIDAD;4.76;0;1;4
AV0338;SETAS SHIITAKE KG ESPAÑA;ALIMENTACIÓN;PESO;15.34;0;1;4
AV0339;SOBRASADA VEGANA BOTE 120GR;ALIMENTACIÓN;UNIDAD;3.59;0;1;10
AV0340;SOJA BLANCA KG;ALIMENTACIÓN;PESO;3.8;0;1;4
AV0341;SOJA GERMINADA (MUNGO) 330GR;ALIMENTACIÓN;UNIDAD;3.8;0;1;4
AV0342;SOJA TEXTURIZADA KG;ALIMENTACIÓN;PESO;12.45;0;1;4
AV0343;TAHIN CRUDO 210GR;ALIMENTACIÓN;UNIDAD;3.82;0;1;10
AV0344;TAHIN CRUDO 400GR;ALIMENTACIÓN;UNIDAD;7.23;0;1;10
AV0345;TAHIN TOSTADO 210 GR;ALIMENTACIÓN;UNIDAD;4;0;1;10
AV0346;TAHIN TOSTADO 400 GR;ALIMENTACIÓN;UNIDAD;7.23;0;1;10
AV0347;TAZA COLORES C/FILTRO;ALIMENTACIÓN;UNIDAD;3.14;0;1;21
AV0348;TOFU FRESCO 250GR;ALIMENTACIÓN;UNIDAD;3.23;0;1;10
AV0349;TOFU SEDOSO JAPONES 300 GR;ALIMENTACIÓN;UNIDAD;3.82;0;1;10
AV0350;TOMATE CHERRY KG MALAGA;ALIMENTACIÓN;PESO;3.8;0;1;4
AV0351;TOMATE ENSALADA MALAGA KG;ALIMENTACIÓN;PESO;2.84;0;1;4
AV0352;TOMATE FRITO BOTE 350GR;ALIMENTACIÓN;UNIDAD;2.45;0;1;10
AV0353;TOMATE FRITO BOTE 720 ML;ALIMENTACIÓN;UNIDAD;3.05;0;1;10
AV0354;TOMATE HUEVO DE TORO COIN KG;ALIMENTACIÓN;PESO;6.68;0;1;4
AV0355;TOMATE PERA DESHIDRATADO KG;ALIMENTACIÓN;PESO;19.18;0;1;4
AV0356;TOMATE PERA KG MALAGA;ALIMENTACIÓN;PESO;4.76;0;1;4
AV0357;TOMATE ROSADO KG MALAGA;ALIMENTACIÓN;PESO;4.76;0;1;4
AV0358;TOMATE SECO ACEITE OLIVA 240GR;ALIMENTACIÓN;UNIDAD;5.41;0;1;10
AV0359;TOMATE SECO AOVE Y GUINDILLA 240GR;ALIMENTACIÓN;UNIDAD;5.41;0;1;10
AV0360;TOMATE TRITURADO  720 ML;ALIMENTACIÓN;UNIDAD;2.91;0;1;10
AV0361;TOMATE TRITURADO 350GR;ALIMENTACIÓN;UNIDAD;1.77;0;1;10
AV0362;TONICO FACIAL EL MATORRAL;ALIMENTACIÓN;UNIDAD;8.61;0;1;4
AV0363;TORTILLA TRIGO BLANCO 240GR;ALIMENTACIÓN;UNIDAD;4.5;0;1;10
AV0364;TORTITAS ARROZ SIN SAL 115 GR;ALIMENTACIÓN;UNIDAD;1.77;0;1;10
AV0365;TORTITAS MAIZ 180GR;ALIMENTACIÓN;UNIDAD;2;0;1;10
AV0366;TORTITAS PROTEINA LENTEJAS 125 GR;ALIMENTACIÓN;UNIDAD;2.68;0;1;10
AV0367;TURRÓN A LA PIEDRA 200 GR.;ALIMENTACIÓN;UNIDAD;7.23;0;1;10
AV0368;TURRÓN CHOCOLATE LECHE ARROZ 200GR;ALIMENTACIÓN;UNIDAD;9.05;0;1;10
AV0369;TURRÓN DE ALICANTE 200 GR.;ALIMENTACIÓN;UNIDAD;7.23;0;1;10
AV0370;TURRÓN DE CHOCOLATE NEGRO 70% Y ALM;ALIMENTACIÓN;UNIDAD;9.05;0;1;10
AV0371;TURRÓN DE JIJONA 200 GR;ALIMENTACIÓN;UNIDAD;7.23;0;1;10
AV0372;VAINILLA EN RAMA;ALIMENTACIÓN;UNIDAD;7.23;0;1;10
AV0373;VINAGRE ARROZ INTEGRAL 150ML;ALIMENTACIÓN;UNIDAD;4.54;0;1;10
AV0374;VINAGRE BALSAMICO MANZANA 250ML;ALIMENTACIÓN;UNIDAD;8.14;0;1;10
AV0375;VINAGRE JEREZ RESERVA 25CL;ALIMENTACIÓN;UNIDAD;3.59;0;1;10
AV0376;VINAGRE MANZANA 500 ML;ALIMENTACIÓN;UNIDAD;3.59;0;1;10
AV0377;VINAGRE UMEBOSHI 150 ML;ALIMENTACIÓN;UNIDAD;4.5;0;1;10
AV0378;ZANAHORIAS KG MALAGA;ALIMENTACIÓN;PESO;2.64;0;1;4
AV0379;AJO SECO GRANULADO 50GR;AL PESO;PESO;2.68;0;1;10
AV0380;ANIS ESTRELLADO ENTERO KG IMPORTACION;AL PESO;PESO;54.5;0;1;10
AV0381;ANIS VERDE MATALAUVA KG IMPORTACION;AL PESO;PESO;27.23;0;1;10
AV0382;AZAFRAN BOTE 1 GR;AL PESO;PESO;9.05;0;1;10
AV0383;AZUCAR CAÑA INTEGRAL KG ECUADOR;AL PESO;PESO;4.5;0;1;10
AV0384;AZUCAR CAÑA PANELA KG ECUADOR;AL PESO;PESO;5.41;0;1;10
AV0385;CANELA POLVO KG CEYLAN;AL PESO;PESO;30.86;0;1;10
AV0386;CANELA RAMA KG IMPORTACION;AL PESO;PESO;63.59;0;1;10
AV0387;CARDAMOMO KG IMPORTACION;AL PESO;PESO;72.68;0;1;10
AV0388;CARDAMOMO MOLIDO 30GR;AL PESO;PESO;4.5;0;1;10
AV0389;CAYENA ENTERA BOTE 15GR;AL PESO;PESO;2.68;0;1;10
AV0390;CAYENA ENTERA KILO;AL PESO;PESO;29.95;0;1;10
AV0391;CAYENA MOLIDA BOTE 35GR;AL PESO;PESO;3.59;0;1;10
AV0392;CEBOLLA GRANULADA BOTE 30 GR;AL PESO;PESO;2.68;0;1;10
AV0393;CLAVO BOTE 25GR;AL PESO;PESO;2.68;0;1;10
AV0394;COMINO GRANO BOTE 20GR;AL PESO;PESO;2.68;0;1;10
AV0395;COMINO GRANO KG ESPAÑA;AL PESO;PESO;30.86;0;1;10
AV0396;COMINO MOLIDO BOTE 30GR;AL PESO;PESO;2.68;0;1;10
AV0397;COMINO MOLIDO BOTE 75GR;AL PESO;PESO;4.5;0;1;10
AV0398;COMINO NEGRO BOTE 45 GR;AL PESO;PESO;2.68;0;1;10
AV0399;COMINO POLVO KG ESPAÑA;AL PESO;PESO;36.32;0;1;10
AV0400;CURCUMA PIMIENTA Y JENGIBRE KG INDIA;AL PESO;PESO;43.27;0;1;4
AV0401;CURCUMA POLVO KG IMPORTACION;AL PESO;PESO;22.68;0;1;10
AV0402;CURRY MOLIDO KG IMPORTACION;AL PESO;PESO;23.59;0;1;10
AV0403;CURRY ROJO BOTE 28GR;AL PESO;PESO;2.5;0;1;10
AV0404;CÚRCUMA BOTE 30GR;AL PESO;PESO;4.09;0;1;21
AV0405;ENELDO BOTE 30 GR;AL PESO;PESO;4.76;0;1;4
AV0406;ESPECIA AJO GRANULADO 50 GR;AL PESO;PESO;2.68;0;1;10
AV0407;ESPECIA CANELA RAMA 35 GR;AL PESO;PESO;4.5;0;1;10
AV0408;ESPECIA CANELA RAMA DE CEYLÁN 15 GR;AL PESO;PESO;3.27;0;1;10
AV0409;ESPECIA RAS EL HANOUT 25GR;AL PESO;PESO;2.68;0;1;10
AV0410;ESPECIAS CAPRICHO ITALIANO BOTE 25GR;AL PESO;PESO;3.59;0;1;10
AV0411;ESPECIAS MIX ENSALADAS BOTE 25GR;AL PESO;PESO;3.59;0;1;10
AV0412;EXTRACTO VAINILLA BOURBON 75ML;AL PESO;PESO;7.23;0;1;10
AV0413;HIERBA LUISA NACIONAL KG;AL PESO;PESO;90.86;0;1;10
AV0414;HIERBAS PROVENZALES BOTE 15GR;AL PESO;PESO;2.18;0;1;10
AV0415;HINOJO SEMILLAS KG IMPORTACION;AL PESO;PESO;17.23;0;1;10
AV0416;INFUSION CHAI CHOCOLATE KG ESPAÑA;AL PESO;PESO;38.41;0;1;4
AV0417;INFUSION MANZANILLA DULCE KG EGIPTO;AL PESO;PESO;78.14;0;1;10
AV0418;INFUSION SHISO ROJO KG;AL PESO;PESO;63.59;0;1;10
AV0419;JENGIBRE MOLIDO KG IMPORTACION;AL PESO;PESO;31.77;0;1;10
AV0420;LAUREL HOJAS KG ESPAÑA;AL PESO;PESO;49.42;0;1;4
AV0421;LEVADURA CERVEZA KG FRANCIA;AL PESO;PESO;39.05;0;1;10
AV0422;LINO DORADO KG AFGANISTAN;AL PESO;PESO;7.23;0;1;10
AV0423;LINO MARRON KG IMPORTACION;AL PESO;PESO;6.32;0;1;10
AV0424;MEJORANA SECA KG EGIPTO;AL PESO;PESO;19.04;0;1;4
AV0425;MIJO KG IMPORTACION;AL PESO;PESO;4.76;0;1;4
AV0426;MISO ARROZ INTEGRAL 300GR;AL PESO;PESO;11.44;0;1;4
AV0427;MISO HATCHO 300GR;AL PESO;PESO;8.14;0;1;10
AV0428;MORINGA HOJA KG MALAGA;AL PESO;PESO;52.8;0;1;0
AV0429;OREGANO KG ESPAÑA;AL PESO;PESO;20.86;0;1;10
AV0430;PEREJIL SECO KG ALEMANIA;AL PESO;PESO;34.9;0;1;4
AV0431;PIMENTON AHUMADO KG ESPAÑA;AL PESO;PESO;25.41;0;1;10
AV0432;PIMENTON DULCE KG ESPAÑA;AL PESO;PESO;36.32;0;1;10
AV0433;PIMENTON PICANTE KG ESPAÑA;AL PESO;PESO;28.8;0;1;4
AV0434;PIMIENTA DE JAMAICA BOTE 25GR;AL PESO;PESO;3.59;0;1;10
AV0435;PIMIENTA NEGRA GRANO KG IMPORTACION;AL PESO;PESO;21.77;0;1;10
AV0436;PIMIENTA NEGRA POLVO KG INDIA;AL PESO;PESO;23.59;0;1;10
AV0437;POLVO VAINILLA BOURBON TUBO 10GR;AL PESO;PESO;9.05;0;1;10
AV0438;RAIZ REGALIZ KG;AL PESO;PESO;36.32;0;1;10
AV0439;ROMERO SECO KG ESPAÑA;AL PESO;PESO;22.68;0;1;10
AV0440;SAL MARINA AROMA INDIA KG;AL PESO;PESO;7.64;0;1;4
AV0441;SAL MARINA FINA DEL ATLANTICO 750gr;AL PESO;PESO;2.09;0;1;10
AV0442;SAL MARINA GRUESA DEL ATLANTICO 1KG;AL PESO;PESO;2.09;0;1;10
AV0443;SAL NEGRA HIMALAYA 200GR;AL PESO;PESO;2.68;0;1;10
AV0444;SAL ROSA HIMALAYA GRANEL KG;AL PESO;PESO;2.91;0;1;10
AV0445;SESAMO BLANCO KG PARAGUAY;AL PESO;PESO;7.64;0;1;4
AV0446;SESAMO NEGRO KG IMPORTACION;AL PESO;PESO;9.57;0;1;4
AV0447;TE NEGRO DESAYUNO INGLES KG MEZCLA;AL PESO;PESO;36.32;0;1;10
AV0448;TE VERDE GUNPOWDER KG CHINA;AL PESO;PESO;30.86;0;1;10
AV0449;TE VERDE JAZMIN KG;AL PESO;PESO;57.23;0;1;10
AV0450;TE VERDE SENCHA KG CHINA;AL PESO;PESO;21.77;0;1;10
AV0451;TOMILLO SECO KG MARRUECOS;AL PESO;PESO;25.41;0;1;10
AV0452;TRIGO SARRACENO KG FRANCIA;AL PESO;PESO;6.68;0;1;4
AV0453;AGUACATE BACON KG MALAGA;FRESCOS;PESO;4.76;0;1;4
AV0454;AGUACATE HASS KG COIN;FRESCOS;PESO;5.72;0;1;4
AV0455;AGUJA FILETEADA DE TERNERA ECOLOGICA;FRESCOS;UNIDAD;26.32;0;1;10
AV0456;AGUJA PIEZA DE TERNERA ECOLOGICA KG;FRESCOS;PESO;23.59;0;1;10
AV0457;ALAS DE POLLO PRODUCCIÓN ECOLÓGICA CAT A;FRESCOS;UNIDAD;16.32;0;1;10
AV0458;ALBARICOQUE MALAGA KG;FRESCOS;PESO;3.8;0;1;4
AV0459;ALBONDIGAS DE TERNERA Y CERDO DE PRODUCCIÓN ECOLÓG;FRESCOS;UNIDAD;23.59;0;1;10
AV0460;ARANDANO HUELVA TARRINA 125 GR;FRESCOS;UNIDAD;3.08;0;1;4
AV0461;BANDEJA 30 HUEVOS MEDIANOS;FRESCOS;UNIDAD;13.41;0;1;4
AV0462;BRAZUELO DE CORDERO PRODUCCIÓN ECOLÓGICA KG;FRESCOS;PESO;36.32;0;1;10
AV0463;BUTIFARRA DE CERDO PRODUCCION ECOLOGICA KG;FRESCOS;PESO;24.5;0;1;10
AV0464;CABEZA DE LOMO CERDO PRODUCCIÓN ECOLÓGICA;FRESCOS;UNIDAD;22.68;0;1;10
AV0465;CABEZA DE LOMO FILETEADA CERDO PRODUCCIÒN ECOLÒGIC;FRESCOS;UNIDAD;22.68;0;1;10
AV0466;CAQUI PERSIMON NACIONAL KG;FRESCOS;PESO;4.76;0;1;4
AV0467;CARCASA DE POLLO PRODUCCIÓN ECOLÓGICA;FRESCOS;UNIDAD;7.23;0;1;10
AV0468;CARPACCIO DE TERNERA ECOLOGICA KG;FRESCOS;PESO;29.95;0;1;10
AV0469;CARRILLERA DE TERNERA PRODUCCIÓN ECOLÓGICA KG;FRESCOS;PESO;45.41;0;1;10
AV0470;CAÑA DE LOMO DE PRODUCCIÓN ECOLÓGICA pieza 300 gr;FRESCOS;UNIDAD;31.77;0;1;10
AV0471;CAÑA DE LOMO PRODUCCIÓN ECOLÓGICA 100 grs.;FRESCOS;UNIDAD;6.32;0;1;10
AV0472;CEREZA ESPAÑA KG;FRESCOS;PESO;8.61;0;1;4
AV0473;CHIRIMOYA NERJA KG;FRESCOS;PESO;4.28;0;1;4
AV0474;CHISTORRA DE CERDO DE PRODUCCION ECOLOGICA KG;FRESCOS;PESO;24.5;0;1;10
AV0475;CHORIZO BARBACOA PRODUCCIÓN ECOLÓGICA;FRESCOS;UNIDAD;19.95;0;1;10
AV0476;CHORIZO CRIOLLO DE TERNERA DE PRODUCCION ECOLOGICA;FRESCOS;UNIDAD;27.23;0;1;10
AV0477;CHORIZO PRODUCCIÓN ECOLÓGICA 100 gr.;FRESCOS;UNIDAD;3.86;0;1;10
AV0478;CHORIZO PRODUCCIÓN ECOLÓGICA pieza 300 gr;FRESCOS;UNIDAD;9.05;0;1;10
AV0479;CHORIZO SARTA DULCE PRODUCCIÓN ECOLÓGICA 300 gr;FRESCOS;UNIDAD;7.23;0;1;10
AV0480;CHORIZO SARTA PICANTE PRODUCCIÓN ECOLÓGICA;FRESCOS;UNIDAD;7.23;0;1;10
AV0481;CHULETAS DE CERDO PRODUCCIÓN ECOLÓGICA;FRESCOS;UNIDAD;24.5;0;1;10
AV0482;CHULETAS DE CORDERO PRODUCCIÓN ECOLÓGICA KG;FRESCOS;PESO;41.77;0;1;10
AV0483;CHULETAS PIERNA DE CORDERO PRODUCCIÓN ECOLÓGICA KG;FRESCOS;PESO;35.41;0;1;10
AV0484;CHULETÓN DE TERNERA PRODUCCIÓN ECOLÓGICA KG;FRESCOS;PESO;32.68;0;1;10
AV0485;CHURRASCO DE POLLO DE PRODUCCIÓN ECOLÓGICA CAT A;FRESCOS;UNIDAD;26.32;0;1;10
AV0486;CHURRASCO DE TERNERA PRODUCCIÓN ECOLÓGICA KG;FRESCOS;PESO;19.05;0;1;10
AV0487;CIRUELAS ROJAS MALAGA KG;FRESCOS;PESO;3.8;0;1;4
AV0488;CONTRAMUSLO DE POLLO PRODUCCIÓN ECOLÓGICA CON h/p;FRESCOS;UNIDAD;21.77;0;1;10
AV0489;CONTRAMUSLO DE POLLO PRODUCCIÓN ECOLÓGICA SIN h/p;FRESCOS;UNIDAD;26.32;0;1;10
AV0490;CONTRAMUSLO S/H DE PAVO PRODUCCIÓN ECOLÓGICA;FRESCOS;UNIDAD;24.5;0;1;10
AV0491;COSTILLA CENTRO DE TERNERA PRODUCCIÓN ECOLÓGICA;FRESCOS;UNIDAD;18.14;0;1;10
AV0492;COSTILLAS DE CERDO PRODUCCIÓN ECOLÓGICA;FRESCOS;UNIDAD;18.14;0;1;10
AV0493;CREMA DE PAVO 110GR;FRESCOS;UNIDAD;3.59;0;1;10
AV0494;CREMA DE POLLO 110GR;FRESCOS;UNIDAD;3.59;0;1;10
AV0495;ENTRAÑA DE TERNERA PRODUCCIÓN ECOLÓGICA KG;FRESCOS;PESO;27.23;0;1;10
AV0496;ESTOFADO DE PAVO DE PRODUCCIÓN ECOLÓGICA;FRESCOS;UNIDAD;25.41;0;1;10
AV0497;EXTRA FILETEADA DE TERNERA ECOLOGICA kg;FRESCOS;PESO;29.05;0;1;10
AV0498;EXTRA PIEZA DE TERNERA ECOLOGICA;FRESCOS;UNIDAD;27.23;0;1;10
AV0499;FALDA PIEZA DE TERNERA ECOLOGICA KG;FRESCOS;PESO;20.86;0;1;10
AV0500;FRAMBUESA HUELVA TARRINA 125 GR;FRESCOS;UNIDAD;3.37;0;1;4
AV0501;FRESA HUELVA CAJA 1KG ESPAÑA;FRESCOS;PESO;11.49;0;1;4
AV0502;FRESA HUELVA CAJA 250 GR ESPAÑA;FRESCOS;UNIDAD;4.33;0;1;4
AV0503;GRANADA KG MALAGA;FRESCOS;PESO;3.8;0;1;4
AV0504;HAMBURGUESA DE PAVO PRODUCCION ECOLOGICA KG;FRESCOS;PESO;22.68;0;1;10
AV0505;HAMBURGUESA DE POLLO PRODUCCION ECOLOGICA;FRESCOS;UNIDAD;22.68;0;1;10
AV0506;HAMBURGUESA DE RETINTO CON PARMESANO DE PRODUCCION;FRESCOS;UNIDAD;42.68;0;1;10
AV0507;HAMBURGUESA DE TERNERA ECOLÓGICA KG;FRESCOS;PESO;24.5;0;1;10
AV0508;HIGADO FILETEADO DE TERNERA PRODUCCIÓN ECOLÓGICA k;FRESCOS;UNIDAD;21.77;0;1;10
AV0509;HIGOS FRESCOS MALAGA KG;FRESCOS;PESO;5.72;0;1;4
AV0510;HUESO DE TERNERA PRODUCCIÓN ECOLÓGICA Kg.;FRESCOS;PESO;9.95;0;1;10
AV0511;HUEVOS CAJA 6 UND COIN;FRESCOS;UNIDAD;2.84;0;1;4
AV0512;JAMON COCIDO LONCHEADO 100GR;FRESCOS;UNIDAD;4.5;0;1;10
AV0513;JAMON FILETEADO DE CERDO PRODUCCIÓN ECOLÓGICA;FRESCOS;UNIDAD;29.05;0;1;10
AV0514;JAMON PIEZA DE CERDO PRODUCCIÓN ECOLÓGICA;FRESCOS;UNIDAD;26.32;0;1;10
AV0515;JAMON SERRANO LONCHEADO 100GR;FRESCOS;UNIDAD;7.23;0;1;10
AV0516;JAMONCITOS DE POLLO PRODUCCIÓN ECOLÓGICA CAT A;FRESCOS;UNIDAD;19.95;0;1;10
AV0517;JAMÓN COCIDO PRODUCCIÓN ECOLÓGICA 100gr;FRESCOS;UNIDAD;4.5;0;1;10
AV0518;JARRETE PIEZA DE TERNERA ECOLOGICA KG;FRESCOS;PESO;23.59;0;1;10
AV0519;KEFIR CABRA YOGUR NATURAL 420 GR;FRESCOS;UNIDAD;3.59;0;1;10
AV0520;KIWI AMARILLO KG NACIONAL;FRESCOS;PESO;7.95;0;1;4
AV0521;KIWI KG NACIONAL;FRESCOS;PESO;5.72;0;1;4
AV0522;LECHE SEMIDESNATADA 1 LITRO;FRESCOS;PESO;2.12;0;1;4
AV0523;LENGUA DE TERNERA PRODUCCIÓN ECOLÓGICA KG;FRESCOS;PESO;20.86;0;1;10
AV0524;LIMON KG MALAGA;FRESCOS;PESO;1.88;0;1;4
AV0525;LINGOTE DE PRESA DE TERNERA RETINTA DE PRODUCCION;FRESCOS;UNIDAD;35.41;0;1;10
AV0526;LOMO DE CERDO ADOBADO FILETEADO DE PRODUCCION ECOL;FRESCOS;UNIDAD;29.05;0;1;10
AV0527;LOMO DE CERDO PRODUCCIÓN ECOLÓGICA;FRESCOS;UNIDAD;23.59;0;1;10
AV0528;LOMO ENTRECOT DE TERNERA PRODUCCIÓN ECOLÓGICA KG;FRESCOS;PESO;36.32;0;1;10
AV0529;LOMO FILETEADO DE CERDO PRODUCCIÓN ECOLÓGICA;FRESCOS;UNIDAD;30.86;0;1;10
AV0530;LOMO FILETEADO DE TERNERA DE PRODUCCION ECOLOGICA;FRESCOS;UNIDAD;57.23;0;1;10
AV0531;LOMO PIEZA MADURADO DE TERNERA PRODUCCIÓN ECOLÓGIC;FRESCOS;UNIDAD;54.5;0;1;10
AV0532;LONGANIZA DE PAVO DE PRODUCCION ECOLOGICA KG;FRESCOS;PESO;25.41;0;1;10
AV0533;MAGRO PIEZA DE CERDO PRODUCCIÓN ECOLÓGICA;FRESCOS;UNIDAD;21.77;0;1;10
AV0534;MAGRO PIEZA DE TERNERA ECOLOGICA kg;FRESCOS;PESO;23.59;0;1;10
AV0535;MAGRO TROCEADO DE CERDO PRODUCCIÓN ECOLÓGICA;FRESCOS;UNIDAD;21.77;0;1;10
AV0536;MAGRO TROCEADO DE TERNERA ECOLOGICA kg;FRESCOS;PESO;25.41;0;1;10
AV0537;MANDARINA MALAGA KG;FRESCOS;PESO;2.84;0;1;4
AV0538;MANGO MALAGA KG;FRESCOS;PESO;6.68;0;1;4
AV0539;MANITAS DE CERDO DE PRODUCCION ECOLOGICA;FRESCOS;UNIDAD;12.68;0;1;10
AV0540;MANTEQUILLA  XANCEDA 175GR;FRESCOS;UNIDAD;4.32;0;1;10
AV0541;MANTEQUILLA CLARIFICADA GHEE 220ML;FRESCOS;UNIDAD;10.86;0;1;10
AV0542;MANTEQUILLA CLARIFICADA GHEE 450ML;FRESCOS;UNIDAD;15.41;0;1;10
AV0543;MANZANA FUJI KG NACIONAL;FRESCOS;PESO;3.8;0;1;4
AV0544;MANZANA GOLDEN KG NACIONAL;FRESCOS;PESO;2.84;0;1;4
AV0545;MANZANA ROYAL KG NACIONAL;FRESCOS;PESO;3.37;0;1;4
AV0546;MEDIO POLLO PRODUCCIÓN ECOLÓGICA CAT A;FRESCOS;UNIDAD;17.23;0;1;10
AV0547;MELOCOTON MALAGA KG;FRESCOS;PESO;4.76;0;1;4
AV0548;MELON CANTALOUP KG ESPAÑA;FRESCOS;PESO;3.8;0;1;4
AV0549;MELON PIEL SAPO KG ESPAÑA;FRESCOS;PESO;3.51;0;1;4
AV0550;MENUDO DE TERNERA ECOLOGICA (Callos) KG;FRESCOS;PESO;10.86;0;1;10
AV0551;MORAS TARRINA 125 GR ESPAÑA;FRESCOS;UNIDAD;3.8;0;1;4
AV0552;MORCILLA CURADA PRODUCCIÓN ECOLÓGICA;FRESCOS;UNIDAD;16.32;0;1;10
AV0553;MUSLO DE POLLO PRODUCCIÓN ECOLÓGICA CAT A;FRESCOS;UNIDAD;19.05;0;1;10
AV0554;NARANJA ZUMO KG MALAGA;FRESCOS;PESO;2.64;0;1;4
AV0555;NECTARINA MALAGA KG;FRESCOS;PESO;3.8;0;1;4
AV0556;NISPERO COIN KG;FRESCOS;PESO;3.8;0;1;4
AV0557;OSOBUCO DE TERNERA ECOLOGICA KG;FRESCOS;PESO;22.68;0;1;10
AV0558;PANCETA DE CERDO PRODUCCIÓN ECOLÓGICA;FRESCOS;UNIDAD;17.23;0;1;10
AV0559;PAPAYA MALAGA KG;FRESCOS;PESO;4.76;0;1;4
AV0560;PARAGUAYO MOTRIL KG;FRESCOS;PESO;3.8;0;1;4
AV0561;PECHUGA ENTERA DE PAVO PRODUCCIÓN ECOLÓGICA;FRESCOS;UNIDAD;36.32;0;1;10
AV0562;PECHUGA ENTERA DE POLLO PRODUCCIÓN ECOLÓGICA CAT A;FRESCOS;UNIDAD;36.32;0;1;10
AV0563;PECHUGA FILETEADA DE PAVO PRODUCCIÓN ECOLÓGICA;FRESCOS;UNIDAD;37.23;0;1;10
AV0564;PECHUGA FILETEADA DE POLLO PRODUCCIÓN ECOLÓGICA;FRESCOS;UNIDAD;36.32;0;1;10
AV0565;PECHUGA PAVO COCIDA 80GR;FRESCOS;UNIDAD;4.5;0;1;10
AV0566;PERA KG ESPAÑA;FRESCOS;PESO;3.8;0;1;4
AV0567;PICADA DE CERDO PRODUCCIÓN ECOLÓGICA;FRESCOS;UNIDAD;21.77;0;1;10
AV0568;PICADA DE PAVO PRODUCCIÓN ECOLÓGICA;FRESCOS;UNIDAD;25.41;0;1;10
AV0569;PICADA DE POLLO PRODUCCIÓN ECOLÓGICA CAT A;FRESCOS;UNIDAD;28.14;0;1;10
AV0570;PICADA DE TERNERA ECOLOGICA Kg.;FRESCOS;PESO;25.41;0;1;10
AV0571;PIERNA DE CORDERO DE PRODUCCIÓN ECOLÓGICA KG;FRESCOS;PESO;30.86;0;1;10
AV0572;PINCHOS DE CORDERO PRODUCCIÓN ECOLÓGICA;FRESCOS;UNIDAD;45.41;0;1;10
AV0573;PINCHOS DE POLLO ECOLOGICO KG;FRESCOS;PESO;35.41;0;1;10
AV0574;PLATANO KG CANARIAS;FRESCOS;PESO;3.22;0;1;4
AV0575;PLUMA DE CERDO PRODUCCIÓN ECOLÓGICA;FRESCOS;UNIDAD;26.32;0;1;10
AV0576;POLLO FRESCO PRODUCCIÓN ECOLÓGICA CAT A;FRESCOS;UNIDAD;15.41;0;1;10
AV0577;POLLO TROCEADO DE PRODUCCIÓN ECOLÓGICA CAT A;FRESCOS;UNIDAD;19.95;0;1;10
AV0578;POMELO MALAGA KG;FRESCOS;PESO;1.88;0;1;4
AV0579;PREPARADO PARA CALDOS ECOLOGICO;FRESCOS;UNIDAD;10.86;0;1;10
AV0580;PREPARADO PARA LEGUMBRES PRODUCCIÓN ECOLÓGICA;FRESCOS;UNIDAD;8.14;0;1;10
AV0581;PREPARADO PARA PUCHERO ECOLOGICO UNIDAD;FRESCOS;UNIDAD;11.77;0;1;10
AV0582;PRESA DE CERDO PRODUCCIÓN ECOLÓGICA;FRESCOS;UNIDAD;26.32;0;1;10
AV0583;PRIMERA FILETEADA DE TERNERA ECOLOGICA KG;FRESCOS;PESO;27.23;0;1;10
AV0584;PRIMERA PIEZA DE TERNERA ECOLOGICA KG;FRESCOS;PESO;29.05;0;1;10
AV0585;QUESO CABRA CURADO 330 GR;FRESCOS;UNIDAD;12.45;0;1;4
AV0586;QUESO CABRA SEMICURADO 330 GR;FRESCOS;UNIDAD;10.53;0;1;4
AV0587;QUESO CREMOSO XANCEDA 175GR;FRESCOS;UNIDAD;3.22;0;1;4
AV0588;QUESO OVEJA CURADO 275 GR;FRESCOS;UNIDAD;7.95;0;1;0
AV0589;QUESO PARA UNTAR CALIFORNIA;FRESCOS;UNIDAD;3.08;0;1;4
AV0590;QUESO TIERNO VACA 600GR;FRESCOS;UNIDAD;12.45;0;1;4
AV0591;RABO DE TERNERA PRODUCCIÓN ECOLÓGICA KG;FRESCOS;PESO;27.23;0;1;10
AV0592;RIÑONES DE TERNERA PRODUCCIÓN ECOLÓGICA KG;FRESCOS;PESO;14.5;0;1;10
AV0593;SALCHICHA FRANKFURT AVE QUESO 250GR;FRESCOS;UNIDAD;6.32;0;1;10
AV0594;SALCHICHA FRANKFURT DE PAVO 250GR;FRESCOS;UNIDAD;5.41;0;1;10
AV0595;SALCHICHA FRANKFURT DE POLLO 250GR;FRESCOS;UNIDAD;5.41;0;1;10
AV0596;SALCHICHAS FRESCAS DE CERDO DE PRODUCCION ECOLOGIC;FRESCOS;UNIDAD;24.5;0;1;10
AV0597;SALCHICHAS FRESCAS DE POLLO DE PRODUCCION ECOLOGIC;FRESCOS;UNIDAD;29.05;0;1;10
AV0598;SALCHICHON PRODUCCIÓN ECOLÓGICA 100 gr;FRESCOS;UNIDAD;3.86;0;1;10
AV0599;SALCHICHÓN PRODUCCIÓN ECOLÓGICA pieza 300gr;FRESCOS;UNIDAD;9.05;0;1;10
AV0600;SANDIA KG ESPAÑA;FRESCOS;PESO;2.36;0;1;4
AV0601;SECRETO DE CERDO PRODUCCIÓN ECOLÓGICA;FRESCOS;UNIDAD;29.95;0;1;10
AV0602;SOLOMILLO CORTADO DE TERNERA PRODUCCIÓN ECOL;FRESCOS;UNIDAD;78.14;0;1;10
AV0603;SOLOMILLO DE CERDO PRODUCCIÓN ECOLÓGICA;FRESCOS;UNIDAD;33.59;0;1;10
AV0604;SOLOMILLO PIEZA DE TERNERA PRODUCCIÓN ECOL;FRESCOS;UNIDAD;54.5;0;1;10
AV0605;TOCINO DE CERDO PRODUCCIÓN ECOLÓGICA;FRESCOS;UNIDAD;5.41;0;1;10
AV0606;UVAS ESPAÑA KG;FRESCOS;PESO;4.76;0;1;4
AV0607;YOGUR CABRA COCO 420GR;FRESCOS;UNIDAD;3.8;0;1;4
AV0608;YOGUR CABRA FRESAS 2 X 125GR;FRESCOS;UNIDAD;2.55;0;1;4
AV0609;YOGUR CABRA GRIEGO NATURAL 420GR;FRESCOS;UNIDAD;3.8;0;1;4
AV0610;YOGUR CABRA NATURAL 420GR;FRESCOS;UNIDAD;3.8;0;1;4
AV0611;YOGUR CABRA VAINILLA 420GR;FRESCOS;UNIDAD;3.8;0;1;4
AV0612;YOGUR OVEJA NATURAL 420GR;FRESCOS;UNIDAD;3.8;0;1;4
AV0613;AGUA COCO 1L;BEBIDAS E INFUSIONES;UNIDAD;5.41;0;1;10
AV0614;AGUA DE MAR 1L CRISTAL;BEBIDAS E INFUSIONES;UNIDAD;4.5;0;1;10
AV0615;AGUA DE MAR 3 L BAG IN BOX;BEBIDAS E INFUSIONES;UNIDAD;6.32;0;1;10
AV0616;BEBIDA ALPISTE 1 LITRO;BEBIDAS E INFUSIONES;PESO;2.68;0;1;10
AV0617;BEBIDA ARROZ 1 LITRO;BEBIDAS E INFUSIONES;PESO;2.5;0;1;10
AV0618;BEBIDA AVENA COCO 1 LITRO;BEBIDAS E INFUSIONES;PESO;2.68;0;1;10
AV0619;BEBIDA AVENA NATURAL 1 LITRO;BEBIDAS E INFUSIONES;PESO;2;0;1;10
AV0620;BEBIDA AVENA SIN GLUTEN 1 LITRO;BEBIDAS E INFUSIONES;PESO;2;0;1;10
AV0621;BEBIDA CAÑAMO NATURAL 1 LITRO;BEBIDAS E INFUSIONES;PESO;3.41;0;1;10
AV0622;BEBIDA COCO NATURAL 1 LITRO;BEBIDAS E INFUSIONES;PESO;3.18;0;1;10
AV0623;HORCHATA DE CHUFA 1 LITRO;BEBIDAS E INFUSIONES;PESO;3.14;0;1;10
AV0624;KEFIR UP AGUA LIMON Y JENGIBRE 500 ML;BEBIDAS E INFUSIONES;UNIDAD;3.18;0;1;10
AV0625;KOMBUCHA 1 LITRO;BEBIDAS E INFUSIONES;PESO;5.64;0;1;10
AV0626;KOMBUCHA 330ML;BEBIDAS E INFUSIONES;UNIDAD;2.91;0;1;10
AV0627;TE MATCHA UJI 70 GR JAPON;BEBIDAS E INFUSIONES;UNIDAD;12.68;0;1;10
AV0628;VINO BLANCO ALBERTO VERBEJO;BEBIDAS E INFUSIONES;UNIDAD;9.88;0;1;21
AV0629;VINO BLANCO COCINAR;BEBIDAS E INFUSIONES;UNIDAD;3.26;0;1;21
AV0630;VINO TINTO ALBERTO TEMPRANILLO;BEBIDAS E INFUSIONES;UNIDAD;10.7;0;1;21
AV0631;VINO TINTO PROTOS;BEBIDAS E INFUSIONES;UNIDAD;14.01;0;1;21
AV0632;ZUMO ARANDANO ROJO 500ML;BEBIDAS E INFUSIONES;UNIDAD;8.14;0;1;10
AV0633;ZUMO DETOX ABC 1 LITRO;BEBIDAS E INFUSIONES;PESO;3.59;0;1;10
AV0634;ZUMO MEDITERRANEO 750ML;BEBIDAS E INFUSIONES;UNIDAD;2.68;0;1;10
AV0635;ZUMO UVA ROJA 1 LITRO;BEBIDAS E INFUSIONES;PESO;3.59;0;1;10
AV0636;ACEITE CAPILAR ANTIPARASTARIO FASE1;CUIDADO PERSONAL;UNIDAD;15.29;0;1;21
AV0637;ACONDICIONADOR PELO CREMA;CUIDADO PERSONAL;UNIDAD;7.64;0;1;4
AV0638;ACONDICIONADOR PELO SOLIDO;CUIDADO PERSONAL;UNIDAD;7.64;0;1;4
AV0639;ALCOHOL ROMERO EL MATORRAL 150ML;CUIDADO PERSONAL;UNIDAD;7.95;0;1;0
AV0640;BALSAMO DEL LINCE EL MATORRAL;CUIDADO PERSONAL;UNIDAD;8.18;0;1;21
AV0641;BALSAMO LABIAL EL MATORRAL;CUIDADO PERSONAL;UNIDAD;2.73;0;1;21
AV0642;BALSAMO LABIAL EL MATORRAL ROJO;CUIDADO PERSONAL;UNIDAD;2.73;0;1;21
AV0643;BASTONCILLOS LIMPIAOIDOS BAMBU 100U;CUIDADO PERSONAL;UNIDAD;1.74;0;1;21
AV0644;CEPILLO DIENTES ADULTO;CUIDADO PERSONAL;UNIDAD;3.6;0;1;21
AV0645;CEPILLO DIENTES INFANTIL;CUIDADO PERSONAL;UNIDAD;4.5;0;1;10
AV0646;CHAMPU SOLIDO PELO;CUIDADO PERSONAL;UNIDAD;7.35;0;1;0
AV0647;CHAMPÚ ANTIPARASITARIO FASE 2;CUIDADO PERSONAL;UNIDAD;12.15;0;1;21
AV0648;CONTORNO DE OJOS EL MATORRAL;CUIDADO PERSONAL;UNIDAD;9.05;0;1;10
AV0649;CREMA FACIAL HIDRATANTE  EL MATORRA;CUIDADO PERSONAL;UNIDAD;9.95;0;1;10
AV0650;CREMA FACIAL NOCHE PIEL SECA 70ML;CUIDADO PERSONAL;UNIDAD;19.18;0;1;4
AV0651;CREMA FACIAL NUTRITIVA 70ML;CUIDADO PERSONAL;UNIDAD;19.18;0;1;4
AV0652;CREMA FACIAL PIEL DELICADA 70ML;CUIDADO PERSONAL;UNIDAD;16.49;0;1;21
AV0653;CREMA FACIAL PIEL MADURA 70ML;CUIDADO PERSONAL;UNIDAD;16.49;0;1;21
AV0654;CREMA FACIAL PIEL MIXTA 70ML;CUIDADO PERSONAL;UNIDAD;19.18;0;1;4
AV0655;DENTIFRICO ALOE SENSITIVE 100ML;CUIDADO PERSONAL;UNIDAD;7.4;0;1;21
AV0656;DENTIFRICO BLANQUEADOR 100ML;CUIDADO PERSONAL;UNIDAD;7.4;0;1;21
AV0657;DESODORANTE NATURAL CREMA 70 ML;CUIDADO PERSONAL;UNIDAD;15.34;0;1;4
AV0658;Desodorante en crema Energía Especiada 30 ml.;CUIDADO PERSONAL;UNIDAD;10.29;0;1;21
AV0659;Desodorante en crema Extra Fuerte 30 ml.;CUIDADO PERSONAL;UNIDAD;10.29;0;1;21
AV0660;Desodorante en crema Floral. 30 ml.;CUIDADO PERSONAL;UNIDAD;10.29;0;1;21
AV0661;Desodorante en crema Fruta Fresca. 30 ml.;CUIDADO PERSONAL;UNIDAD;10.29;0;1;21
AV0662;Desodorante en crema Pieles Sensibles 30 ml.;CUIDADO PERSONAL;UNIDAD;10.29;0;1;21
AV0663;ESPONJA LUFA 25 CM ARTESANAL;CUIDADO PERSONAL;UNIDAD;6.25;0;1;4
AV0664;ESPONJA LUFA PLATOS;CUIDADO PERSONAL;UNIDAD;3.26;0;1;21
AV0665;ESPONJA MARINA Baño Honey Comb Natural;CUIDADO PERSONAL;UNIDAD;9.57;0;1;4
AV0666;ESPONJA MARINA Facial Blanqueada;CUIDADO PERSONAL;UNIDAD;5.72;0;1;4
AV0667;GEL ALOE VERA BIO;CUIDADO PERSONAL;UNIDAD;11.77;0;1;10
AV0668;GEL CHAMPU ARBOL DEL TE;CUIDADO PERSONAL;UNIDAD;10.7;0;1;21
AV0669;GEL DE BAÑO 1 LITRO;CUIDADO PERSONAL;PESO;4.92;0;1;21
AV0670;HILO DENTAL SEDA NATURAL 30 MT;CUIDADO PERSONAL;UNIDAD;4.75;0;1;21
AV0671;JABON ARCILLA VERDE ARTESANO;CUIDADO PERSONAL;UNIDAD;6.6;0;1;0
AV0672;JABON CALENDULA MANZANILLA ARTESANO;CUIDADO PERSONAL;UNIDAD;6.6;0;1;0
AV0673;JABON FACIAL PIEL GRASA EL MATORRAL;CUIDADO PERSONAL;UNIDAD;3.3;0;1;0
AV0674;JALEA REAL EL MATORRAL;CUIDADO PERSONAL;UNIDAD;8.14;0;1;10
AV0675;LABIAL AGUACATE Y POMELO;CUIDADO PERSONAL;UNIDAD;7.64;0;1;4
AV0676;LABIAL CACAO Y ALMENDRAS;CUIDADO PERSONAL;UNIDAD;7.64;0;1;4
AV0677;LOCION CORPORAL PEPITA UVA Y JOJOBA;CUIDADO PERSONAL;UNIDAD;19.18;0;1;4
AV0678;LOCIÓN SPRAY ANTIPARASITARIA FASE 3;CUIDADO PERSONAL;UNIDAD;11.74;0;1;21
AV0679;PAPEL COCINA TRES ROLLOS;CUIDADO PERSONAL;UNIDAD;4.09;0;1;21
AV0680;PAPEL HIGIENICO DOBLE CAPA 6 ROLLOS;CUIDADO PERSONAL;UNIDAD;3.26;0;1;21
AV0681;PASTA DE DIENTES GRANDE;CUIDADO PERSONAL;UNIDAD;13.41;0;1;4
AV0682;PASTA DE DIENTES PEQUEÑA;CUIDADO PERSONAL;UNIDAD;8.61;0;1;4
AV0683;PAÑUELOS BOLSILLO 10 PAQUETES;CUIDADO PERSONAL;UNIDAD;1.45;0;1;10
AV0684;PAÑUELOS FACIALES 150 UND;CUIDADO PERSONAL;UNIDAD;1.61;0;1;21
AV0685;PROPOLEO EL MATORRAL 30 ML;CUIDADO PERSONAL;UNIDAD;9.05;0;1;10
AV0686;RECAMBIOS HILO DENTAL 2 ROLLOS;CUIDADO PERSONAL;UNIDAD;6.03;0;1;21
AV0687;SACO TERMICO CUELLO;CUIDADO PERSONAL;UNIDAD;8.25;0;1;0
AV0688;SACO TERMICO LUMBAR GRANDE;CUIDADO PERSONAL;UNIDAD;8.95;0;1;0
AV0689;SACO TERMICO LUMBAR PEQUEÑO;CUIDADO PERSONAL;UNIDAD;6.95;0;1;0
AV0690;SACO TERMICO OJOS;CUIDADO PERSONAL;UNIDAD;3.95;0;1;0
AV0691;ABRILLANTADOR LAVAVAJILLAS BIOBEL;HOGAR;UNIDAD;5.74;0;1;21
AV0692;ANTICAL CON VINAGRE 1000ML;HOGAR;UNIDAD;3.1;0;1;21
AV0693;BLANQUEADOR ROPA 1 KG;HOGAR;PESO;7.4;0;1;21
AV0694;BOLSA KRAFT ASA;HOGAR;UNIDAD;0.46;0;1;10
AV0695;BOLSA KRAFT PEQUEÑA;HOGAR;UNIDAD;0.05;0;1;10
AV0696;BOLSA PLASTICO;HOGAR;UNIDAD;0.05;0;1;10
AV0698;DESENGRASANTE POMELO 750ML;HOGAR;UNIDAD;2.81;0;1;21
AV0700;DETERGENTE LAVADORA LITRO;HOGAR;PESO;4.09;0;1;21
AV0702;DETERGENTE LAVAVAJILLAS LITRO;HOGAR;PESO;4.92;0;1;21
AV0703;GEL LAVAVAJILLAS AUTOMATICO 1 LITRO;HOGAR;PESO;7.6;0;1;21
AV0704;GEL WC LAVANDA 500ML;HOGAR;UNIDAD;3.26;0;1;21
AV0705;JABÓN QUITAMANCHAS ECO 750 ML;HOGAR;UNIDAD;4.09;0;1;21
AV0706;LAVAVAJILLAS BOTELLA 1 LITRO;HOGAR;PESO;5.74;0;1;21
AV0707;LIMPIACRISTALES 750 ML SPRAY;HOGAR;UNIDAD;3.26;0;1;21
AV0708;LIMPIAHOGAR MULTIUSOS GRANEL LITRO;HOGAR;PESO;4.92;0;1;21
AV0709;MOLINILLO ACRILICO 14 CM;HOGAR;UNIDAD;9.05;0;1;10
AV0710;MOLINILLO MADERA 17 CM;HOGAR;UNIDAD;8.14;0;1;10
AV0711;PASTILLAS LAVAVAJILLAS AUTO 50 UND;HOGAR;UNIDAD;13.18;0;1;21
AV0712;SAL LAVAVAJILLAS AUT 2 KG;HOGAR;PESO;5.41;0;1;10
AV0713;SERVICIO A DOMICILIO;HOGAR;UNIDAD;5;0;1;0
AV0714;SUAVIZANTE ROPA FLOR ALGODON 750ml;HOGAR;UNIDAD;2.44;0;1;21
AV0715;VINAGRE LIMPIEZA 1000ML;HOGAR;UNIDAD;2.89;0;1;21
