codigo,codigo_barras,nombre,familia,tipo_venta,precio_compra,precio_venta,id_iva,activo
AV0001,,ACAI LIOFILIZADO 70GR,ALIMENTACI”N,UNIDAD,16.95,18.65,2,1
AV0002,,ACAI POLVO 50GR SALUD VIVA,ALIMENTACI”N,UNIDAD,12.95,14.25,2,1
AV0003,,"ACEITE AOVE SIERRA YEGUAS 2,50L",ALIMENTACI”N,UNIDAD,33.95,35.31,1,1
AV0004,,ACEITE AOVE SIERRA YEGUAS 5 LITROS,ALIMENTACI”N,PESO,61.95,66.6,1,1
AV0005,,ACEITE AOVE SIERRA YEGUAS 500ML,ALIMENTACI”N,UNIDAD,9.95,10.35,1,1
AV0006,,ACEITE COCO 200ML,ALIMENTACI”N,UNIDAD,7.95,8.75,2,1
AV0007,,ACEITE COCO 400ML,ALIMENTACI”N,UNIDAD,14.95,16.45,2,1
AV0008,,ACEITE LINAZA 250 ML,ALIMENTACI”N,UNIDAD,5.95,6.55,2,1
AV0009,,ACEITE LINAZA 500 ML,ALIMENTACI”N,UNIDAD,9.95,10.95,2,1
AV0010,,ACEITE SESAMO TOSTADO 500 ML,ALIMENTACI”N,UNIDAD,15.55,17.11,2,1
AV0011,,ACEITUNAS ALORE—AS 500 GR CRISTAL,ALIMENTACI”N,UNIDAD,6.95,7.65,2,1
AV0012,,ACELGAS MANOJO MALAGA,ALIMENTACI”N,UNIDAD,3.2,3.33,1,1
AV0013,,ACHICORIA SOLUBLE 100GR,ALIMENTACI”N,UNIDAD,5.95,6.55,2,1
AV0014,,"AGUA ALCALINA IONIZADA 1,25L",ALIMENTACI”N,UNIDAD,2.7,2.97,2,1
AV0015,,AGUA BEZOYA CAJA 8 LITROS,ALIMENTACI”N,PESO,4.95,5.45,2,1
AV0016,,AJO BLANCO KG MALAGA,ALIMENTACI”N,PESO,8.95,9.31,1,1
AV0017,,AJO NEGRO BOTE 60GR,ALIMENTACI”N,UNIDAD,3.95,4.35,2,1
AV0018,,ALCACHOFA KG MALAGA,ALIMENTACI”N,PESO,5.95,6.19,1,1
AV0019,,ALGA DULSE 25GR,ALIMENTACI”N,UNIDAD,3.3,3.43,1,1
AV0020,,ALGA ENSALADA MAR 25GR,ALIMENTACI”N,UNIDAD,2.95,3.07,1,1
AV0021,,ALGA KOMBU 25GR,ALIMENTACI”N,UNIDAD,2.4,2.5,1,1
AV0022,,ALGA LECHUGA MAR 25GR,ALIMENTACI”N,UNIDAD,2.5,2.5,4,1
AV0023,,ALGA NORI SUSHI 6 UNDS,ALIMENTACI”N,UNIDAD,3.95,4.35,2,1
AV0024,,ALGA WAKAME 25 GR,ALIMENTACI”N,UNIDAD,2.4,2.5,1,1
AV0025,,ALMENDRA CRUDA PELADA KG ESPA—A,ALIMENTACI”N,PESO,20.95,21.79,1,1
AV0026,,ALMENDRA CRUDA PIEL ESPA—A KG,ALIMENTACI”N,PESO,19.95,20.75,1,1
AV0027,,ALTRAMUCES AL NATURAL 270GR,ALIMENTACI”N,UNIDAD,4.5,4.95,2,1
AV0028,,ALUBIA ADZUKI KG IMPORTACION,ALIMENTACI”N,PESO,5.95,6.19,1,1
AV0029,,ALUBIAS BLANCAS COCIDAS 370ML,ALIMENTACI”N,UNIDAD,2.2,2.42,2,1
AV0030,,ALUBIAS BLANCAS COCIDAS 720ML,ALIMENTACI”N,UNIDAD,3.65,4.02,2,1
AV0031,,ALUBIAS BLANCAS VERDURAS 370ML,ALIMENTACI”N,UNIDAD,3.2,3.52,2,1
AV0032,,ALUBIAS ROJAS COCIDAS 370GR,ALIMENTACI”N,UNIDAD,2.4,2.64,2,1
AV0033,,ALUBIAS ROJAS COCIDAS 720ML,ALIMENTACI”N,UNIDAD,3.95,4.35,2,1
AV0034,,ANACARDO KG VIETNAM,ALIMENTACI”N,PESO,22.95,23.87,1,1
AV0035,,APIO MALAGA,ALIMENTACI”N,UNIDAD,3.25,3.38,1,1
AV0036,,ARANDANO DESHIDRATADO 150 GR,ALIMENTACI”N,UNIDAD,7.95,8.75,2,1
AV0037,,ARROZ BASMATI BLANCO KG INDIA,ALIMENTACI”N,PESO,6.95,7.23,1,1
AV0038,,ARROZ BASMATI INTEGRAL KG INDIA,ALIMENTACI”N,PESO,6.95,7.23,1,1
AV0039,,ARROZ REDONDO BLANCO KG HUELVA,ALIMENTACI”N,PESO,5.95,6.19,1,1
AV0040,,ARROZ REDONDO INTEGRAL KG HUELVA,ALIMENTACI”N,PESO,5.95,6.19,1,1
AV0041,,ARROZ ROJO INTEGRAL KG,ALIMENTACI”N,PESO,7.95,8.27,1,1
AV0042,,AZUCAR COCO 400G,ALIMENTACI”N,UNIDAD,5.95,6.55,2,1
AV0043,,BATATA KG MALAGA,ALIMENTACI”N,PESO,2.95,3.07,1,1
AV0044,,BEBIDA ALMENDRAS SIN AZUCAR,ALIMENTACI”N,UNIDAD,2.95,3.25,2,1
AV0045,,BERENJENA KG MALAGA,ALIMENTACI”N,PESO,3.95,4.11,1,1
AV0046,,BIOCHOC AOVE 200 GR,ALIMENTACI”N,UNIDAD,4.75,5.75,3,1
AV0047,,BIOCHOC AVELLANA 200 GR,ALIMENTACI”N,UNIDAD,4.95,5.45,2,1
AV0048,,BIOGURT COCO NATURAL 400 GR,ALIMENTACI”N,UNIDAD,4.55,5.01,2,1
AV0049,,BIZCOCHO COCO SIN AZUCAR,ALIMENTACI”N,UNIDAD,3.95,4.35,2,1
AV0050,,"BOTELLA CRISTAL OM WATER MINI 0,5L CA—AMO",ALIMENTACI”N,UNIDAD,19.95,24.14,3,1
AV0051,,"BOTELLA CRISTAL OM WATER MINI 0,5L CA—AMO/ALGOD”N",ALIMENTACI”N,UNIDAD,19.95,24.14,3,1
AV0052,,BROCOLI KG MURCIA,ALIMENTACI”N,PESO,4.95,5.15,1,1
AV0053,,CACAO TOSTADO POLVO 250gr,ALIMENTACI”N,UNIDAD,9.95,10.95,2,1
AV0054,,CAFE GRANO MEXICO 250GR,ALIMENTACI”N,UNIDAD,7.95,8.75,2,1
AV0055,,CAFE GRANO TOSTADO ARABICA 500 GR,ALIMENTACI”N,UNIDAD,12.95,14.25,2,1
AV0056,,CAFE MOLIDO ARABICA 250GR,ALIMENTACI”N,UNIDAD,5.95,6.55,2,1
AV0057,,CAFE MOLIDO COLOMBIA 250 GR,ALIMENTACI”N,UNIDAD,8.95,9.85,2,1
AV0058,,CAFE MOLIDO DESCAFEINADO 250 GR,ALIMENTACI”N,UNIDAD,8.95,9.85,2,1
AV0059,,CAFE MOLIDO DESTINATION ARABICA 250GR,ALIMENTACI”N,UNIDAD,9.95,10.95,2,1
AV0060,,CAFE MOLIDO MEXICO 250GR,ALIMENTACI”N,UNIDAD,8.95,9.85,2,1
AV0061,,CAFE MOLIDO PERU 250 GR,ALIMENTACI”N,UNIDAD,6.95,7.23,1,1
AV0062,,CAFE SOLUBLE ARABICA 100GR,ALIMENTACI”N,UNIDAD,13.95,15.35,2,1
AV0063,,CAFE SOLUBLE DESAYUNO 100GR,ALIMENTACI”N,UNIDAD,9.95,10.95,2,1
AV0064,,CALABACIN VERDE KG MALAGA,ALIMENTACI”N,PESO,3.95,4.11,1,1
AV0065,,CALABAZA CACAHUETE KG MALAGA,ALIMENTACI”N,PESO,2.75,2.86,1,1
AV0066,,CALABAZA HOKAIDO MALAGA KG,ALIMENTACI”N,PESO,3.95,4.11,1,1
AV0067,,CALDO HUESOS 870ML,ALIMENTACI”N,UNIDAD,18.95,20.85,2,1
AV0068,,CALDO POLLO 1 LITRO,ALIMENTACI”N,PESO,3.3,3.63,2,1
AV0069,,CALDO VEGETAL CUBITOS 60 GR,ALIMENTACI”N,UNIDAD,2.2,2.42,2,1
AV0070,,CALDO VEGETAL CUBITOS SIN SAL 68GR,ALIMENTACI”N,UNIDAD,2.75,3.03,2,1
AV0071,,CALDO VERDURAS 1 LITRO,ALIMENTACI”N,PESO,3.2,3.52,2,1
AV0072,,CEBOLLA FRESCA KG MALAGA,ALIMENTACI”N,PESO,3.63,3.78,1,1
AV0073,,CEBOLLA ROJA KG MALAGA,ALIMENTACI”N,PESO,2.95,3.07,1,1
AV0074,,CEBOLLA SECA KG MALAGA,ALIMENTACI”N,PESO,2.45,2.55,1,1
AV0075,,CEBOLLETA FRESCA MANOJO MALAGA,ALIMENTACI”N,UNIDAD,2.95,3.07,1,1
AV0076,,CHAMPI—ON LAMINADO 250ML,ALIMENTACI”N,UNIDAD,2.95,3.25,2,1
AV0077,,CHAMPI—ON PORTOBELLO KG ESPA—A,ALIMENTACI”N,PESO,10.95,11.39,1,1
AV0078,,CHIA SEMILLAS KG PARAGUAY,ALIMENTACI”N,PESO,13.95,14.51,1,1
AV0079,,CHOCOLATE AOVE SAL 80GR,ALIMENTACI”N,UNIDAD,4.95,5.45,2,1
AV0080,,CHOCOLATE NEGRO 100% CACAO,ALIMENTACI”N,UNIDAD,3.95,4.35,2,1
AV0081,,CHOCOLATE NEGRO 65% ISABEL,ALIMENTACI”N,UNIDAD,4.95,5.45,2,1
AV0082,,CHOCOLATE NEGRO 74% CACAO,ALIMENTACI”N,UNIDAD,2.95,3.25,2,1
AV0083,,CHOCOLATE NEGRO 78% S/A,ALIMENTACI”N,UNIDAD,3.45,3.8,2,1
AV0084,,CHOCOLATE NEGRO 87% S/A,ALIMENTACI”N,UNIDAD,3.45,3.8,2,1
AV0085,,CHOCOLATE NEGRO QUINOA 100GR,ALIMENTACI”N,UNIDAD,2.95,3.25,2,1
AV0086,,CHOCOLATE NEGRO S/A ALMENDRAS,ALIMENTACI”N,UNIDAD,3.95,4.35,2,1
AV0087,,CHUCRUT COL BLANCA 360 GR,ALIMENTACI”N,UNIDAD,2.95,3.25,2,1
AV0088,,CHUCRUT COL BLANCA 680 GR,ALIMENTACI”N,UNIDAD,3.95,4.35,2,1
AV0089,,CILANTRO FRESCO MANOJO,ALIMENTACI”N,UNIDAD,2.95,3.07,1,1
AV0090,,CILANTRO SEMILLA 20 GR,ALIMENTACI”N,UNIDAD,2.4,2.5,1,1
AV0091,,CIRUELA AMARILLA KG PIZARRA,ALIMENTACI”N,PESO,4.95,5.15,1,1
AV0092,,CIRUELA PASA SIN HUESO 250GR,ALIMENTACI”N,UNIDAD,6.95,7.23,1,1
AV0093,,CLAVO KG IMPORTACION,ALIMENTACI”N,PESO,59.95,65.95,2,1
AV0094,,CLORELA 150GR,ALIMENTACI”N,UNIDAD,13.95,15.35,2,1
AV0095,,COCO ESCAMAS CRUJIENTE 200GR,ALIMENTACI”N,UNIDAD,2.95,3.07,1,1
AV0096,,COCO RALLADO FINO 200GR,ALIMENTACI”N,UNIDAD,3.95,4.11,1,1
AV0097,,COL LOMBARDA KG MALAGA,ALIMENTACI”N,PESO,3.95,4.11,1,1
AV0098,,COL VERDE KG MALAGA,ALIMENTACI”N,PESO,2.95,3.07,1,1
AV0099,,COLIFLOR BLANCA UNIDAD MALAGA,ALIMENTACI”N,UNIDAD,3.2,3.33,1,1
AV0100,,COLINABO UNIDAD MALAGA,ALIMENTACI”N,UNIDAD,2.95,3.07,1,1
AV0101,,COPA MENSTRUAL REUTILIZABLE MOONCUP,ALIMENTACI”N,UNIDAD,28.05,33.94,3,1
AV0102,,COPOS AVENA FINOS 1KG,ALIMENTACI”N,PESO,5.5,6.05,2,1
AV0103,,COPOS AVENA GRUESOS INTEGRALES 500G,ALIMENTACI”N,UNIDAD,2.95,3.25,2,1
AV0104,,COPOS AVENA SIN GLUTEN 500 GR,ALIMENTACI”N,UNIDAD,4.5,4.95,2,1
AV0105,,COPOS SARRACENO SIN GLUTEN 500GR,ALIMENTACI”N,UNIDAD,4.95,5.45,2,1
AV0106,,CORN FLAKES SIN AZUCAR 250GR,ALIMENTACI”N,UNIDAD,3.95,4.35,2,1
AV0107,,COUSCOUS INTEGRAL KG FRANCIA,ALIMENTACI”N,PESO,3.95,4.25,1,1
AV0108,,CRACKERS EMMENTAL CALABAZA 200GR,ALIMENTACI”N,UNIDAD,4.95,5.45,2,1
AV0109,,CRACKIS ESPELTA 250GR,ALIMENTACI”N,UNIDAD,3.2,3.52,2,1
AV0110,,CRACKIS ESPELTA CURCUMA 250GR,ALIMENTACI”N,UNIDAD,3.2,3.52,2,1
AV0111,,CREMA ALGARROBA 390GR,ALIMENTACI”N,UNIDAD,5.9,6.49,2,1
AV0112,,CREMA ALMENDRA PELADA 210 GR,ALIMENTACI”N,UNIDAD,6.95,7.65,2,1
AV0113,,CREMA ALMENDRA PELADA 325 GR,ALIMENTACI”N,UNIDAD,12.95,14.25,2,1
AV0114,,CREMA ANACARDO CRUDO 210GR,ALIMENTACI”N,UNIDAD,5.95,6.55,2,1
AV0115,,CREMA ARROZ COCINAR 200ML,ALIMENTACI”N,UNIDAD,1.95,2.15,2,1
AV0116,,CREMA AVENA COCINAR 200ML,ALIMENTACI”N,UNIDAD,1.95,2.15,2,1
AV0117,,CREMA CACAHUETE 250 GR,ALIMENTACI”N,UNIDAD,4.95,5.45,2,1
AV0118,,CREMA CACAHUETE 400 GR,ALIMENTACI”N,UNIDAD,7.45,8.2,2,1
AV0119,,CREMA CALABACIN 485GR,ALIMENTACI”N,UNIDAD,3.5,3.85,2,1
AV0120,,CREMA CALABAZA 485GRS.,ALIMENTACI”N,UNIDAD,3.5,3.85,2,1
AV0121,,CREMA COCO COCINAR 200ML,ALIMENTACI”N,UNIDAD,2.3,2.53,2,1
AV0122,,CREMA PISTACHOS 210 GR,ALIMENTACI”N,UNIDAD,14.95,16.45,2,1
AV0123,,CREMA PUERROS 485GR,ALIMENTACI”N,UNIDAD,3.5,3.85,2,1
AV0124,,CREMA SOJA COCINAR 200ML,ALIMENTACI”N,UNIDAD,2.2,2.42,2,1
AV0125,,CURCUMA FRESCA KG IMPORTACION,ALIMENTACI”N,PESO,9.95,10.95,2,1
AV0126,,DATIL MEDJOUL KG ISRAEL,ALIMENTACI”N,PESO,19.95,20.75,1,1
AV0127,,DATIL SIN HUESO KG TUNEZ,ALIMENTACI”N,PESO,11.95,12.43,1,1
AV0128,,"DETERGENTE BEBE 1,5L",ALIMENTACI”N,UNIDAD,9.95,12.04,3,1
AV0129,,DULCE MEMBRILLO 350GRS,ALIMENTACI”N,UNIDAD,3.95,4.35,2,1
AV0130,,ERITRITOL 500GR ECO,ALIMENTACI”N,UNIDAD,9.95,10.95,2,1
AV0131,,ESCALOPINES SOJA Y LEGUMBRES 250GR,ALIMENTACI”N,UNIDAD,5.95,7.2,3,1
AV0132,,ESPAGUETI ARTESANOS BLANCOS 400GR,ALIMENTACI”N,UNIDAD,3.95,4.35,2,1
AV0133,,ESPAGUETIS ARROZ QUINOA 250GR,ALIMENTACI”N,UNIDAD,4.5,4.95,2,1
AV0134,,ESPAGUETIS TRIGO BLANCO 250GR,ALIMENTACI”N,UNIDAD,3.2,3.52,2,1
AV0135,,ESPARRAGOS VERDES MANOJO 250,ALIMENTACI”N,UNIDAD,3.95,4.11,1,1
AV0136,,ESPELTA GRANO 500GR,ALIMENTACI”N,UNIDAD,2.95,3.07,1,1
AV0137,,ESPINACAS MANOJO MALAGA,ALIMENTACI”N,UNIDAD,3.65,3.8,1,1
AV0138,,ESPIRALES GUISANTES 250GR,ALIMENTACI”N,UNIDAD,3.95,4.35,2,1
AV0139,,ESPIRALES TRIGO SARRACENO 500 GR,ALIMENTACI”N,UNIDAD,8.95,9.85,2,1
AV0140,,ESPIRULINA COMPRIMIDOS 160 UND,ALIMENTACI”N,UNIDAD,19.95,20.75,1,1
AV0141,,ESPIRULINA COMPRIMIDOS 300 UND,ALIMENTACI”N,UNIDAD,31.95,33.23,1,1
AV0142,,ESPIRULINA HEBRAS 150GR,ALIMENTACI”N,UNIDAD,29.95,31.15,1,1
AV0143,,ESPIRULINA HEBRAS 80GR,ALIMENTACI”N,UNIDAD,18.95,19.71,1,1
AV0144,,ESTEVIA HOJA KG MALAGA,ALIMENTACI”N,PESO,55.95,58.19,1,1
AV0145,,FIDEO ESPELTA INTEGRAL 400GR,ALIMENTACI”N,UNIDAD,4.95,5.45,2,1
AV0146,,FIDEO FINO ARROZ Y QUINOA 500GR,ALIMENTACI”N,UNIDAD,5.95,6.4,1,1
AV0147,,FILETES ATUN BOTE 195GR,ALIMENTACI”N,UNIDAD,7.95,8.75,2,1
AV0148,,FILETES ATUN NATURAL 195 GR,ALIMENTACI”N,UNIDAD,5.95,6.55,2,1
AV0149,,FILETES CABALLA AOVE 195 GR,ALIMENTACI”N,UNIDAD,6.5,7.15,2,1
AV0150,,FILETES CABALLA AOVE LATA 120 GR,ALIMENTACI”N,UNIDAD,3.95,4.35,2,1
AV0151,,FILETES CABALLA NATURAL 195 GR,ALIMENTACI”N,UNIDAD,4.65,5.63,3,1
AV0152,,FILETES MELVA ANDALUCIA BOTE 195GR,ALIMENTACI”N,UNIDAD,8.95,9.85,2,1
AV0153,,FUSILLI 4 CEREALES 500GR,ALIMENTACI”N,UNIDAD,6.95,7.47,1,1
AV0154,,FUSILLI PRIMAVERA KG,ALIMENTACI”N,PESO,9.95,10.95,2,1
AV0155,,GALLETAS CHOCOLATE 4 UNDS,ALIMENTACI”N,UNIDAD,4.95,5.45,2,1
AV0156,,GALLETAS MULTISEMILLAS 4 UNDS,ALIMENTACI”N,UNIDAD,5.95,6.55,2,1
AV0157,,GARBANZO BLANCO LECHOSO KG ESPA—A,ALIMENTACI”N,PESO,4.95,5.15,1,1
AV0158,,GARBANZO BLANCO PEDROSILLANO ESPA—A,ALIMENTACI”N,UNIDAD,5.95,5.95,4,1
AV0159,,GARBANZOS COCIDOS 370ML,ALIMENTACI”N,UNIDAD,2.3,2.53,2,1
AV0160,,GARBANZOS COCIDOS 720ML,ALIMENTACI”N,UNIDAD,3.55,3.91,2,1
AV0161,,GAZPACHO ANDALUZ 1 LITRO,ALIMENTACI”N,PESO,3.95,4.35,2,1
AV0162,,GAZPACHO SANDIA 1L,ALIMENTACI”N,UNIDAD,4.45,4.9,2,1
AV0163,,GOFIO MAIZ INTEGRAL 500 GR,ALIMENTACI”N,UNIDAD,3.95,4.35,2,1
AV0164,,GOMASIO NATURAL 120 GR,ALIMENTACI”N,UNIDAD,4.25,4.68,2,1
AV0165,,GUACAMOLE 200GR,ALIMENTACI”N,UNIDAD,3.2,3.52,2,1
AV0166,,GUISANTES FINOS 350GR,ALIMENTACI”N,UNIDAD,2.95,3.25,2,1
AV0167,,GUISANTES MALAGA KG,ALIMENTACI”N,PESO,7.95,8.27,1,1
AV0168,,GUISANTES VERDES SECOS 500GR,ALIMENTACI”N,UNIDAD,3.95,4.11,1,1
AV0169,,HABAS AL NATURAL 350GR,ALIMENTACI”N,UNIDAD,3.55,3.91,2,1
AV0170,,HABAS MALAGA KG,ALIMENTACI”N,PESO,4.95,5.15,1,1
AV0171,,HAMBURGUESA VEGETAL 2 UND,ALIMENTACI”N,UNIDAD,3.75,4.35,2,1
AV0172,,HAMBURGUESA VEGETAL 2 UND,ALIMENTACI”N,UNIDAD,3.95,4.54,3,1
AV0173,,HARINA ALGARROBA 350gr,ALIMENTACI”N,UNIDAD,4.95,5.45,2,1
AV0174,,HARINA ALMENDRA 300 gr,ALIMENTACI”N,UNIDAD,9.95,10.35,1,1
AV0175,,HARINA ALMENDRA 500 gr,ALIMENTACI”N,UNIDAD,9.95,10.35,1,1
AV0176,,HARINA ALMENDRA PELADA 1 KG,ALIMENTACI”N,PESO,22.2,26.86,3,1
AV0177,,HARINA ARROZ 500GR,ALIMENTACI”N,UNIDAD,3.95,4.35,2,1
AV0178,,HARINA AVENA 500GR,ALIMENTACI”N,UNIDAD,3.95,4.35,2,1
AV0179,,HARINA CENTENO INTEGRAL KG,ALIMENTACI”N,PESO,2.95,2.95,4,1
AV0180,,HARINA COCO 500GR,ALIMENTACI”N,UNIDAD,2.95,3.07,1,1
AV0181,,HARINA ESPELTA BLANCA KG,ALIMENTACI”N,PESO,5.5,5.72,1,1
AV0182,,HARINA ESPELTA INTEGRAL KG,ALIMENTACI”N,PESO,6.95,7.23,1,1
AV0183,,HARINA GARBANZO KG,ALIMENTACI”N,PESO,7.4,7.4,4,1
AV0184,,HARINA GARBANZOS 500GR,ALIMENTACI”N,UNIDAD,4.95,5.45,2,1
AV0185,,HARINA MAIZ KG ESPA—A,ALIMENTACI”N,PESO,6.6,6.6,4,1
AV0186,,HARINA TRIGO BLANCO KG,ALIMENTACI”N,PESO,2.95,3.07,1,1
AV0187,,HARINA TRIGO INTEGRAL KG,ALIMENTACI”N,PESO,2.4,2.5,1,1
AV0188,,HARINA TRIGO SARRACENO 500GR S/GLUT,ALIMENTACI”N,UNIDAD,4.95,5.15,1,1
AV0189,,HELADO KEFIR MANGO 500ML,ALIMENTACI”N,UNIDAD,7.95,8.75,2,1
AV0190,,HELADO VEGANO CHOCOLATE 480ML,ALIMENTACI”N,UNIDAD,6.95,7.65,2,1
AV0191,,HELADO VEGANO FRESA 480ML,ALIMENTACI”N,UNIDAD,7.95,8.75,2,1
AV0192,,HELADO VEGANO MANGO 480ML,ALIMENTACI”N,UNIDAD,5.95,6.55,2,1
AV0193,,HELADO YOGUR ARANDANO 500ML,ALIMENTACI”N,UNIDAD,7.95,8.75,2,1
AV0194,,HELADO YOGUR CHOCOLATE 500ML,ALIMENTACI”N,UNIDAD,7.95,8.75,2,1
AV0195,,HELADO YOGUR VAINILLA 3 UND,ALIMENTACI”N,UNIDAD,6.55,7.21,2,1
AV0196,,HIERBABUENA MANOJO COIN,ALIMENTACI”N,UNIDAD,2.45,2.55,1,1
AV0197,,HINOJO KG MALAGA,ALIMENTACI”N,PESO,3.95,4.11,1,1
AV0198,,HUMMUS GARBANZOS 210GR,ALIMENTACI”N,UNIDAD,4.95,5.45,2,1
AV0199,,JABON AVENA ARTESANAL,ALIMENTACI”N,UNIDAD,6.6,6.86,1,1
AV0200,,JENGIBRE DESHIDRATADO AZUCAR KG,ALIMENTACI”N,PESO,14.95,16.45,2,1
AV0201,,JENGIBRE FRESCO KG PERU,ALIMENTACI”N,PESO,7.95,8.75,2,1
AV0202,,JUDIA KG MALAGA,ALIMENTACI”N,PESO,6.95,7.23,1,1
AV0203,,JUDIAS VERDES BOTE 340GR,ALIMENTACI”N,UNIDAD,2.95,3.25,2,1
AV0204,,JUGO ALOE VERA 500ML,ALIMENTACI”N,UNIDAD,13.95,15.35,2,1
AV0205,,KALE VERDE MANOJO,ALIMENTACI”N,UNIDAD,2.95,3.07,1,1
AV0206,,KETCHUP SALSA 240 ML,ALIMENTACI”N,UNIDAD,5.95,6.55,2,1
AV0207,,LECHE CABRA ENTERA 1 LITRO,ALIMENTACI”N,PESO,6.95,7.23,1,1
AV0208,,LECHE COCO 200ML,ALIMENTACI”N,UNIDAD,2.2,2.42,2,1
AV0209,,LECHE COCO 500ML,ALIMENTACI”N,UNIDAD,3.75,4.13,2,1
AV0210,,LECHE ENTERA 1 LITRO,ALIMENTACI”N,PESO,1.95,2.03,1,1
AV0211,,LECHUGA MALAGA UNIDAD,ALIMENTACI”N,UNIDAD,1.95,2.03,1,1
AV0212,,LENTEJA CASTELLANA KG ESPA—A,ALIMENTACI”N,PESO,6.95,7.23,1,1
AV0213,,LENTEJA COCIDA BOTE 350GR,ALIMENTACI”N,UNIDAD,2.35,2.59,2,1
AV0214,,LENTEJA COCIDA BOTE 720ML,ALIMENTACI”N,UNIDAD,3.2,3.52,2,1
AV0215,,LENTEJA CORAL TURQUIA KG,ALIMENTACI”N,PESO,5.95,6.55,2,1
AV0216,,LENTEJA PARDINA KG ESPA—A,ALIMENTACI”N,PESO,4.95,5.15,1,1
AV0217,,LEVADURA NUTRICIONAL B12 150GR,ALIMENTACI”N,UNIDAD,8.95,9.85,2,1
AV0218,,LEVADURA PANIFICACI”N POLVO SOBRE 9GR,ALIMENTACI”N,UNIDAD,1.2,1.32,2,1
AV0219,,LEVANTAMUERTOS ESPIRULINA 220GR,ALIMENTACI”N,UNIDAD,9.95,10.99,2,1
AV0220,,LEVANTAMUERTOS MIEL POLEN 1000 GR,ALIMENTACI”N,UNIDAD,29.95,33.09,2,1
AV0221,,LEVANTAMUERTOS MIEL POLEN 220 GR,ALIMENTACI”N,UNIDAD,8.95,9.89,2,1
AV0222,,LEVANTAMUERTOS MIEL POLEN 500 GR,ALIMENTACI”N,UNIDAD,16.95,18.73,2,1
AV0223,,LOMOS BONITO EN ACEITE 195GR,ALIMENTACI”N,UNIDAD,8.95,9.85,2,1
AV0224,,LOMOS SALMON SALVAJE ACEITE 195 GR,ALIMENTACI”N,UNIDAD,9.95,10.95,2,1
AV0225,,MACA 250 GR,ALIMENTACI”N,UNIDAD,11.95,13.15,2,1
AV0226,,MACADAMIAS 100GR,ALIMENTACI”N,UNIDAD,0.0,6.95,3,1
AV0227,,MACARRONES ARTESANOS ESPELTA INT KG,ALIMENTACI”N,PESO,10.95,11.77,1,1
AV0228,,MACARRONES ARTESANOS TRIGO BLANCO,ALIMENTACI”N,UNIDAD,7.95,8.55,1,1
AV0229,,MACEDONIA VERDURAS 345 GR,ALIMENTACI”N,UNIDAD,2.95,3.25,2,1
AV0230,,MAIZ DULCE COCIDO BOTE 350G,ALIMENTACI”N,UNIDAD,3.3,3.63,2,1
AV0231,,MAIZ DULCE COCIDO BOTE 680G,ALIMENTACI”N,UNIDAD,4.95,5.15,1,1
AV0232,,MAIZ PALOMITERO KG,ALIMENTACI”N,PESO,4.95,5.15,1,1
AV0233,,MANGO DESHIDRATADO KG COSTA RICA,ALIMENTACI”N,PESO,29.95,32.95,2,1
AV0234,,MAYONESA CAL VALLS 190GR,ALIMENTACI”N,UNIDAD,3.95,4.35,2,1
AV0235,,MAYONESA PACK 3 X 125ML,ALIMENTACI”N,UNIDAD,4.95,5.45,2,1
AV0236,,MAYONESA VEGANA DEM 190G,ALIMENTACI”N,UNIDAD,3.95,4.35,2,1
AV0237,,MAZORCA MAIZ DULCE COCIDO,ALIMENTACI”N,UNIDAD,2.95,3.25,2,1
AV0238,,MELAZA CA—A 900GR,ALIMENTACI”N,UNIDAD,8.95,9.85,2,1
AV0239,,MERMELADA ARANDANO 275 GR,ALIMENTACI”N,UNIDAD,4.95,5.45,2,1
AV0240,,MERMELADA CEREZAS SIN AZUCAR 250 GR,ALIMENTACI”N,UNIDAD,6.95,7.65,2,1
AV0241,,MERMELADA FRAMBUESA 275 GR BOTE,ALIMENTACI”N,UNIDAD,3.95,4.35,2,1
AV0242,,MERMELADA FRESA 275 GR,ALIMENTACI”N,UNIDAD,3.65,4.02,2,1
AV0243,,MERMELADA FRESA SIN AZUCAR 275 GR,ALIMENTACI”N,UNIDAD,3.95,4.35,2,1
AV0244,,MERMELADA HIGO SIN AZUCAR 250 GR,ALIMENTACI”N,UNIDAD,4.95,5.45,2,1
AV0245,,MERMELADA MANDARINA SIN AZUCAR 275G,ALIMENTACI”N,UNIDAD,3.95,4.35,2,1
AV0246,,MERMELADA MANGO 275 GR BOTE,ALIMENTACI”N,UNIDAD,3.95,4.35,2,1
AV0247,,MERMELADA MELOCOTON 275 GR,ALIMENTACI”N,UNIDAD,3.95,4.35,2,1
AV0248,,MERMELADA MORA 275 GR BOTE,ALIMENTACI”N,UNIDAD,4.95,5.15,1,1
AV0249,,MERMELADA MORA SIN AZUCAR 275 GR,ALIMENTACI”N,UNIDAD,4.95,5.45,2,1
AV0250,,MERMELADA NARANJA 275 GR,ALIMENTACI”N,UNIDAD,3.95,4.35,2,1
AV0251,,MIEL CRUDA 375 GR,ALIMENTACI”N,UNIDAD,7.95,8.75,2,1
AV0252,,MIEL CRUDA 800 GR,ALIMENTACI”N,UNIDAD,13.95,15.35,2,1
AV0253,,MIEL CRUDA FLORES SILVESTRES 1KG,ALIMENTACI”N,PESO,14.95,14.95,4,1
AV0254,,MIEL ESPIRULINA 230GR,ALIMENTACI”N,UNIDAD,8.95,9.85,2,1
AV0255,,MIEL MIL FLORES EL MATORRAL 1000GR,ALIMENTACI”N,UNIDAD,9.95,10.99,2,1
AV0256,,MIEL MIL FLORES EL MATORRAL 500GR,ALIMENTACI”N,UNIDAD,5.95,6.57,2,1
AV0257,,MIELATO ENCINA 375 GR,ALIMENTACI”N,UNIDAD,7.95,8.75,2,1
AV0258,,MIELATO ENCINA 800 GR,ALIMENTACI”N,UNIDAD,13.95,15.35,2,1
AV0259,,MIX PROTEINAS 200GR,ALIMENTACI”N,UNIDAD,11.95,13.15,2,1
AV0260,,MOSTAZA FRANCESA 200GR,ALIMENTACI”N,UNIDAD,4.35,4.79,2,1
AV0261,,MOSTAZA GRUESA 200GR,ALIMENTACI”N,UNIDAD,4.95,5.45,2,1
AV0262,,MUESLI CON CHOCOLATE SIN GLUTEN 3 75 g,ALIMENTACI”N,UNIDAD,4.95,5.45,2,1
AV0263,,MUESLI CON FRUTOS ROJOS SIN GLUTEN 375 g,ALIMENTACI”N,UNIDAD,4.95,5.45,2,1
AV0264,,NACHOS BIOROLL'S CON TOMATE 125 g,ALIMENTACI”N,UNIDAD,2.95,3.25,2,1
AV0265,,NACHOS MAIZ 125 GR,ALIMENTACI”N,UNIDAD,2.95,3.25,2,1
AV0266,,NIDO TALLARINES ARTESANOS BLANCOS K,ALIMENTACI”N,UNIDAD,8.95,9.85,2,1
AV0267,,NIDO TALLARINES TRIGO INTEGRAL KG,ALIMENTACI”N,PESO,9.95,10.7,1,1
AV0268,,NUECES MACADAMIA 100GR,ALIMENTACI”N,UNIDAD,5.95,6.19,1,1
AV0269,,NUECES PELADAS MITADES KG,ALIMENTACI”N,PESO,19.95,20.75,1,1
AV0270,,NUEZ MOSCADA GRANO 25GR,ALIMENTACI”N,UNIDAD,3.95,4.35,2,1
AV0271,,NUEZ MOSCADA MOLIDA 35GR,ALIMENTACI”N,UNIDAD,4.95,5.45,2,1
AV0272,,NUEZ PECANA CASCARA KG MALAGA,ALIMENTACI”N,PESO,12.95,13.47,1,1
AV0273,,OMWATER FLYING KIT,ALIMENTACI”N,UNIDAD,9.4,11.37,3,1
AV0274,,OREJONES ALBARICOQUE 250GR,ALIMENTACI”N,UNIDAD,9.95,10.35,1,1
AV0275,,PAN ESPELTA INTEGRAL 1 KG COIN,ALIMENTACI”N,PESO,7.95,8.27,1,1
AV0276,,PAN ESPELTA INTEGRAL 500 GR COIN,ALIMENTACI”N,UNIDAD,4.95,5.15,1,1
AV0277,,PAN MOLDE MULTICEREALES 1 KG COIN,ALIMENTACI”N,PESO,9.9,9.9,4,1
AV0278,,PAN MOLDE MULTICEREALES 500 GR COIN,ALIMENTACI”N,UNIDAD,4.95,5.45,2,1
AV0279,,PAN SARRACENO 1 KG COIN,ALIMENTACI”N,PESO,11.95,13.15,2,1
AV0280,,PAN SARRACENO 1/2 KG COIN,ALIMENTACI”N,PESO,5.95,6.55,2,1
AV0281,,PAN SARRACENO Y QUINOA 1 KG COIN,ALIMENTACI”N,PESO,12.95,14.25,2,1
AV0282,,PAN SARRACENO Y QUINOA 500 GR COIN,ALIMENTACI”N,UNIDAD,4.95,5.45,2,1
AV0283,,PAN TRIGO INTEGRAL 1 KG COIN,ALIMENTACI”N,PESO,4.95,5.15,1,1
AV0284,,PAPEL ARROZ ROLLITOS 100GR,ALIMENTACI”N,UNIDAD,3.2,3.33,1,1
AV0285,,PASAS SULTANAS KG TURQUIA,ALIMENTACI”N,PESO,11.95,12.43,1,1
AV0286,,PASTA UMEBOSHI 150 GR,ALIMENTACI”N,UNIDAD,12.95,13.47,1,1
AV0287,,PASTA VAINILLA BOURBON 270GR,ALIMENTACI”N,UNIDAD,16.1,17.71,2,1
AV0288,,PATATA BLANCA MALAGA KG,ALIMENTACI”N,PESO,2.75,2.86,1,1
AV0289,,PATATAS FRITAS ACEITE OLIVA 130GR,ALIMENTACI”N,UNIDAD,2.95,3.25,2,1
AV0290,,PATE ACEITUNAS NEGRAS 220 GR,ALIMENTACI”N,UNIDAD,4.35,4.79,2,1
AV0291,,PATE ACEITUNAS VERDE 220 GR,ALIMENTACI”N,UNIDAD,4.2,4.37,1,1
AV0292,,PATE TOMATE SECO 260 GR,ALIMENTACI”N,UNIDAD,4.95,5.45,2,1
AV0293,,PEPINO FRANCES MALAGA KG,ALIMENTACI”N,PESO,4.95,5.15,1,1
AV0294,,PICOS TRIGO ESPELTA 150 GR,ALIMENTACI”N,UNIDAD,2.95,3.07,1,1
AV0295,,PIMIENTO PIQUILLO ASADO 212ML,ALIMENTACI”N,UNIDAD,5.95,6.55,2,1
AV0296,,PIMIENTO ROJO ASAR KG MALAGA,ALIMENTACI”N,PESO,4.95,5.15,1,1
AV0297,,PIMIENTO VERDE FREIR MALAGA KG,ALIMENTACI”N,PESO,4.95,5.15,1,1
AV0298,,PISTO ANDALUZ BOTE 400 GR,ALIMENTACI”N,UNIDAD,6.95,7.65,2,1
AV0299,,PI—ONES PELADOS BOTE 45 GR,ALIMENTACI”N,UNIDAD,5.95,6.55,2,1
AV0300,,POLEN FRESCO EL MATORRAL,ALIMENTACI”N,UNIDAD,7.95,8.78,2,1
AV0301,,PROPOLEO JARABE MATORRAL 30 ML,ALIMENTACI”N,UNIDAD,9.6,10.61,2,1
AV0302,,PROTEINA CA—AMO 250 GR,ALIMENTACI”N,UNIDAD,9.95,10.95,2,1
AV0303,,PROTEINA GUISANTE 250GR,ALIMENTACI”N,UNIDAD,9.95,10.95,2,1
AV0304,,PROTEINA VEGANA CACAO 350GR,ALIMENTACI”N,UNIDAD,19.95,21.95,2,1
AV0305,,PROTEINA VEGANA PLUS 200GR,ALIMENTACI”N,UNIDAD,11.95,13.15,2,1
AV0306,,PSYLLIUM CASCARA 125 GR,ALIMENTACI”N,UNIDAD,9.95,10.95,2,1
AV0307,,PUERRO KG MALAGA,ALIMENTACI”N,PESO,2.95,3.07,1,1
AV0308,,QUESO FETTA 180GR,ALIMENTACI”N,UNIDAD,6.95,7.23,1,1
AV0309,,QUESO OVEJA TIERNO 200GR,ALIMENTACI”N,UNIDAD,6.95,7.23,1,1
AV0310,,QUESO VEGANO HIERBAS PROVENZALES,ALIMENTACI”N,UNIDAD,9.95,10.95,2,1
AV0311,,QUINOA KG HUELVA,ALIMENTACI”N,PESO,7.95,8.27,1,1
AV0312,,REMOLACHA COCIDA 500GR,ALIMENTACI”N,UNIDAD,2.45,2.7,2,1
AV0313,,REMOLACHA COCIDA BOTE 340 GR,ALIMENTACI”N,UNIDAD,2.95,3.25,2,1
AV0314,,REMOLACHA MALAGA,ALIMENTACI”N,UNIDAD,3.5,3.64,1,1
AV0315,,RUCULA MALAGA UNIDAD,ALIMENTACI”N,UNIDAD,2.75,2.86,1,1
AV0316,,SALCHICHA VEGANA 230GR,ALIMENTACI”N,UNIDAD,5.95,6.55,2,1
AV0317,,SALSA AL PESTO 240ML,ALIMENTACI”N,UNIDAD,5.95,6.55,2,1
AV0318,,SALSA BRAVA 240ML,ALIMENTACI”N,UNIDAD,3.99,4.39,2,1
AV0319,,SALSA CESAR 240ML,ALIMENTACI”N,UNIDAD,3.95,4.35,2,1
AV0320,,SALSA CHIMICHURRI BOTE 110GR,ALIMENTACI”N,UNIDAD,4.95,5.45,2,1
AV0321,,SALSA MEJICANA BOTE 225GR,ALIMENTACI”N,UNIDAD,4.95,5.45,2,1
AV0322,,SALSA MOJO PICON BOTE 240GR,ALIMENTACI”N,UNIDAD,3.95,4.35,2,1
AV0323,,SALSA ROMESCO 240ML,ALIMENTACI”N,UNIDAD,4.95,5.45,2,1
AV0324,,SALSA SOJA ORIGEN JAP”N 150 ML,ALIMENTACI”N,UNIDAD,4.95,5.45,2,1
AV0325,,SALSA TAMARI 250 ML,ALIMENTACI”N,UNIDAD,7.95,8.75,2,1
AV0326,,SALSA TAMARI 500 ML,ALIMENTACI”N,UNIDAD,12.95,14.25,2,1
AV0327,,SALSA TOMATE 350GR,ALIMENTACI”N,UNIDAD,2.7,2.97,2,1
AV0328,,SARDINAS 3/4 PIEZAS BOTE 195 GR,ALIMENTACI”N,UNIDAD,7.95,8.75,2,1
AV0329,,SEITAN FRESCO 250GR,ALIMENTACI”N,UNIDAD,4.95,5.45,2,1
AV0330,,SEMILLAS CALABAZA 250GR,ALIMENTACI”N,UNIDAD,4.95,5.45,2,1
AV0331,,SEMILLAS CALABAZA KG IMPORTACION,ALIMENTACI”N,PESO,13.95,15.35,2,1
AV0332,,SEMILLAS CA—AMO PELADO 250 GR,ALIMENTACI”N,UNIDAD,8.95,9.85,2,1
AV0333,,SEMILLAS FENOGRECO 125GR,ALIMENTACI”N,UNIDAD,3.95,4.35,2,1
AV0334,,SEMILLAS GIRASOL KG PARAGUAY,ALIMENTACI”N,PESO,6.95,7.65,2,1
AV0335,,SEMOLA MAIZ POLENTA 500GR,ALIMENTACI”N,UNIDAD,3.35,3.69,2,1
AV0336,,SETAS SHIITAKE BOTE 275ML,ALIMENTACI”N,UNIDAD,5.35,5.89,2,1
AV0337,,SETAS SHIITAKE DESHIDRATADAS 25GR,ALIMENTACI”N,UNIDAD,4.95,5.15,1,1
AV0338,,SETAS SHIITAKE KG ESPA—A,ALIMENTACI”N,PESO,15.95,16.59,1,1
AV0339,,SOBRASADA VEGANA BOTE 120GR,ALIMENTACI”N,UNIDAD,3.95,4.35,2,1
AV0340,,SOJA BLANCA KG,ALIMENTACI”N,PESO,3.95,4.11,1,1
AV0341,,SOJA GERMINADA (MUNGO) 330GR,ALIMENTACI”N,UNIDAD,3.95,4.11,1,1
AV0342,,SOJA TEXTURIZADA KG,ALIMENTACI”N,PESO,12.95,13.47,1,1
AV0343,,TAHIN CRUDO 210GR,ALIMENTACI”N,UNIDAD,4.2,4.62,2,1
AV0344,,TAHIN CRUDO 400GR,ALIMENTACI”N,UNIDAD,7.95,8.75,2,1
AV0345,,TAHIN TOSTADO 210 GR,ALIMENTACI”N,UNIDAD,4.4,4.84,2,1
AV0346,,TAHIN TOSTADO 400 GR,ALIMENTACI”N,UNIDAD,7.95,8.75,2,1
AV0347,,TAZA COLORES C/FILTRO,ALIMENTACI”N,UNIDAD,3.8,4.6,3,1
AV0348,,TOFU FRESCO 250GR,ALIMENTACI”N,UNIDAD,3.55,3.91,2,1
AV0349,,TOFU SEDOSO JAPONES 300 GR,ALIMENTACI”N,UNIDAD,4.2,4.62,2,1
AV0350,,TOMATE CHERRY KG MALAGA,ALIMENTACI”N,PESO,3.95,4.11,1,1
AV0351,,TOMATE ENSALADA MALAGA KG,ALIMENTACI”N,PESO,2.95,3.07,1,1
AV0352,,TOMATE FRITO BOTE 350GR,ALIMENTACI”N,UNIDAD,2.7,2.97,2,1
AV0353,,TOMATE FRITO BOTE 720 ML,ALIMENTACI”N,UNIDAD,3.35,3.69,2,1
AV0354,,TOMATE HUEVO DE TORO COIN KG,ALIMENTACI”N,PESO,6.95,7.23,1,1
AV0355,,TOMATE PERA DESHIDRATADO KG,ALIMENTACI”N,PESO,19.95,20.75,1,1
AV0356,,TOMATE PERA KG MALAGA,ALIMENTACI”N,PESO,4.95,5.15,1,1
AV0357,,TOMATE ROSADO KG MALAGA,ALIMENTACI”N,PESO,4.95,5.15,1,1
AV0358,,TOMATE SECO ACEITE OLIVA 240GR,ALIMENTACI”N,UNIDAD,5.95,6.55,2,1
AV0359,,TOMATE SECO AOVE Y GUINDILLA 240GR,ALIMENTACI”N,UNIDAD,5.95,6.55,2,1
AV0360,,TOMATE TRITURADO  720 ML,ALIMENTACI”N,UNIDAD,3.2,3.52,2,1
AV0361,,TOMATE TRITURADO 350GR,ALIMENTACI”N,UNIDAD,1.95,2.15,2,1
AV0362,,TONICO FACIAL EL MATORRAL,ALIMENTACI”N,UNIDAD,8.95,9.31,1,1
AV0363,,TORTILLA TRIGO BLANCO 240GR,ALIMENTACI”N,UNIDAD,4.95,5.45,2,1
AV0364,,TORTITAS ARROZ SIN SAL 115 GR,ALIMENTACI”N,UNIDAD,1.95,2.15,2,1
AV0365,,TORTITAS MAIZ 180GR,ALIMENTACI”N,UNIDAD,2.2,2.42,2,1
AV0366,,TORTITAS PROTEINA LENTEJAS 125 GR,ALIMENTACI”N,UNIDAD,2.95,3.25,2,1
AV0367,,TURR”N A LA PIEDRA 200 GR.,ALIMENTACI”N,UNIDAD,7.95,8.75,2,1
AV0368,,TURR”N CHOCOLATE LECHE ARROZ 200GR,ALIMENTACI”N,UNIDAD,9.95,10.95,2,1
AV0369,,TURR”N DE ALICANTE 200 GR.,ALIMENTACI”N,UNIDAD,7.95,8.75,2,1
AV0370,,TURR”N DE CHOCOLATE NEGRO 70% Y ALM,ALIMENTACI”N,UNIDAD,9.95,10.95,2,1
AV0371,,TURR”N DE JIJONA 200 GR,ALIMENTACI”N,UNIDAD,7.95,8.75,2,1
AV0372,,VAINILLA EN RAMA,ALIMENTACI”N,UNIDAD,7.95,8.75,2,1
AV0373,,VINAGRE ARROZ INTEGRAL 150ML,ALIMENTACI”N,UNIDAD,4.99,5.49,2,1
AV0374,,VINAGRE BALSAMICO MANZANA 250ML,ALIMENTACI”N,UNIDAD,8.95,9.85,2,1
AV0375,,VINAGRE JEREZ RESERVA 25CL,ALIMENTACI”N,UNIDAD,3.95,4.35,2,1
AV0376,,VINAGRE MANZANA 500 ML,ALIMENTACI”N,UNIDAD,3.95,4.35,2,1
AV0377,,VINAGRE UMEBOSHI 150 ML,ALIMENTACI”N,UNIDAD,4.95,5.45,2,1
AV0378,,ZANAHORIAS KG MALAGA,ALIMENTACI”N,PESO,2.75,2.86,1,1
AV0379,,AJO SECO GRANULADO 50GR,AL PESO,PESO,2.95,3.25,2,1
AV0380,,ANIS ESTRELLADO ENTERO KG IMPORTACION,AL PESO,PESO,59.95,65.95,2,1
AV0381,,ANIS VERDE MATALAUVA KG IMPORTACION,AL PESO,PESO,29.95,32.95,2,1
AV0382,,AZAFRAN BOTE 1 GR,AL PESO,PESO,9.95,10.95,2,1
AV0383,,AZUCAR CA—A INTEGRAL KG ECUADOR,AL PESO,PESO,4.95,5.45,2,1
AV0384,,AZUCAR CA—A PANELA KG ECUADOR,AL PESO,PESO,5.95,6.55,2,1
AV0385,,CANELA POLVO KG CEYLAN,AL PESO,PESO,33.95,37.35,2,1
AV0386,,CANELA RAMA KG IMPORTACION,AL PESO,PESO,69.95,76.95,2,1
AV0387,,CARDAMOMO KG IMPORTACION,AL PESO,PESO,79.95,87.95,2,1
AV0388,,CARDAMOMO MOLIDO 30GR,AL PESO,PESO,4.95,5.45,2,1
AV0389,,CAYENA ENTERA BOTE 15GR,AL PESO,PESO,2.95,3.25,2,1
AV0390,,CAYENA ENTERA KILO,AL PESO,PESO,32.95,36.25,2,1
AV0391,,CAYENA MOLIDA BOTE 35GR,AL PESO,PESO,3.95,4.35,2,1
AV0392,,CEBOLLA GRANULADA BOTE 30 GR,AL PESO,PESO,2.95,3.25,2,1
AV0393,,CLAVO BOTE 25GR,AL PESO,PESO,2.95,2.95,2,1
AV0394,,COMINO GRANO BOTE 20GR,AL PESO,PESO,2.95,3.25,2,1
AV0395,,COMINO GRANO KG ESPA—A,AL PESO,PESO,33.95,37.35,2,1
AV0396,,COMINO MOLIDO BOTE 30GR,AL PESO,PESO,2.95,3.25,2,1
AV0397,,COMINO MOLIDO BOTE 75GR,AL PESO,PESO,4.95,4.95,2,1
AV0398,,COMINO NEGRO BOTE 45 GR,AL PESO,PESO,2.95,3.25,2,1
AV0399,,COMINO POLVO KG ESPA—A,AL PESO,PESO,39.95,43.95,2,1
AV0400,,CURCUMA PIMIENTA Y JENGIBRE KG INDIA,AL PESO,PESO,45.0,46.8,1,1
AV0401,,CURCUMA POLVO KG IMPORTACION,AL PESO,PESO,24.95,27.45,2,1
AV0402,,CURRY MOLIDO KG IMPORTACION,AL PESO,PESO,25.95,28.55,2,1
AV0403,,CURRY ROJO BOTE 28GR,AL PESO,PESO,2.75,3.03,2,1
AV0404,,C⁄RCUMA BOTE 30GR,AL PESO,PESO,4.95,4.95,3,1
AV0405,,ENELDO BOTE 30 GR,AL PESO,PESO,4.95,5.15,1,1
AV0406,,ESPECIA AJO GRANULADO 50 GR,AL PESO,PESO,2.95,3.25,2,1
AV0407,,ESPECIA CANELA RAMA 35 GR,AL PESO,PESO,4.95,5.45,2,1
AV0408,,ESPECIA CANELA RAMA DE CEYL¡N 15 GR,AL PESO,PESO,3.6,3.96,2,1
AV0409,,ESPECIA RAS EL HANOUT 25GR,AL PESO,PESO,2.95,3.25,2,1
AV0410,,ESPECIAS CAPRICHO ITALIANO BOTE 25GR,AL PESO,PESO,3.95,4.35,2,1
AV0411,,ESPECIAS MIX ENSALADAS BOTE 25GR,AL PESO,PESO,3.95,4.35,2,1
AV0412,,EXTRACTO VAINILLA BOURBON 75ML,AL PESO,PESO,7.95,8.75,2,1
AV0413,,HIERBA LUISA NACIONAL KG,AL PESO,PESO,99.95,109.95,2,1
AV0414,,HIERBAS PROVENZALES BOTE 15GR,AL PESO,PESO,2.4,2.64,2,1
AV0415,,HINOJO SEMILLAS KG IMPORTACION,AL PESO,PESO,18.95,20.85,2,1
AV0416,,INFUSION CHAI CHOCOLATE KG ESPA—A,AL PESO,PESO,39.95,41.55,1,1
AV0417,,INFUSION MANZANILLA DULCE KG EGIPTO,AL PESO,PESO,85.95,94.55,2,1
AV0418,,INFUSION SHISO ROJO KG,AL PESO,PESO,69.95,76.95,2,1
AV0419,,JENGIBRE MOLIDO KG IMPORTACION,AL PESO,PESO,34.95,38.45,2,1
AV0420,,LAUREL HOJAS KG ESPA—A,AL PESO,PESO,51.4,53.46,1,1
AV0421,,LEVADURA CERVEZA KG FRANCIA,AL PESO,PESO,42.95,47.25,2,1
AV0422,,LINO DORADO KG AFGANISTAN,AL PESO,PESO,7.95,8.75,2,1
AV0423,,LINO MARRON KG IMPORTACION,AL PESO,PESO,6.95,7.65,2,1
AV0424,,MEJORANA SECA KG EGIPTO,AL PESO,PESO,19.8,20.59,1,1
AV0425,,MIJO KG IMPORTACION,AL PESO,PESO,4.95,5.15,1,1
AV0426,,MISO ARROZ INTEGRAL 300GR,AL PESO,PESO,11.9,12.38,1,1
AV0427,,MISO HATCHO 300GR,AL PESO,PESO,8.95,9.85,2,1
AV0428,,MORINGA HOJA KG MALAGA,AL PESO,PESO,52.8,52.8,4,1
AV0429,,OREGANO KG ESPA—A,AL PESO,PESO,22.95,25.25,2,1
AV0430,,PEREJIL SECO KG ALEMANIA,AL PESO,PESO,36.3,37.75,1,1
AV0431,,PIMENTON AHUMADO KG ESPA—A,AL PESO,PESO,27.95,30.75,2,1
AV0432,,PIMENTON DULCE KG ESPA—A,AL PESO,PESO,39.95,43.95,2,1
AV0433,,PIMENTON PICANTE KG ESPA—A,AL PESO,PESO,29.95,31.15,1,1
AV0434,,PIMIENTA DE JAMAICA BOTE 25GR,AL PESO,PESO,3.95,4.35,2,1
AV0435,,PIMIENTA NEGRA GRANO KG IMPORTACION,AL PESO,PESO,23.95,26.35,2,1
AV0436,,PIMIENTA NEGRA POLVO KG INDIA,AL PESO,PESO,25.95,28.55,2,1
AV0437,,POLVO VAINILLA BOURBON TUBO 10GR,AL PESO,PESO,9.95,10.95,2,1
AV0438,,RAIZ REGALIZ KG,AL PESO,PESO,39.95,43.95,2,1
AV0439,,ROMERO SECO KG ESPA—A,AL PESO,PESO,24.95,27.45,2,1
AV0440,,SAL MARINA AROMA INDIA KG,AL PESO,PESO,7.95,8.27,1,1
AV0441,,SAL MARINA FINA DEL ATLANTICO 750gr,AL PESO,PESO,2.3,2.53,2,1
AV0442,,SAL MARINA GRUESA DEL ATLANTICO 1KG,AL PESO,PESO,2.3,2.53,2,1
AV0443,,SAL NEGRA HIMALAYA 200GR,AL PESO,PESO,2.95,3.25,2,1
AV0444,,SAL ROSA HIMALAYA GRANEL KG,AL PESO,PESO,3.2,3.52,2,1
AV0445,,SESAMO BLANCO KG PARAGUAY,AL PESO,PESO,7.95,8.27,1,1
AV0446,,SESAMO NEGRO KG IMPORTACION,AL PESO,PESO,9.95,10.35,1,1
AV0447,,TE NEGRO DESAYUNO INGLES KG MEZCLA,AL PESO,PESO,39.95,43.95,2,1
AV0448,,TE VERDE GUNPOWDER KG CHINA,AL PESO,PESO,33.95,37.35,2,1
AV0449,,TE VERDE JAZMIN KG,AL PESO,PESO,62.95,69.25,2,1
AV0450,,TE VERDE SENCHA KG CHINA,AL PESO,PESO,23.95,26.35,2,1
AV0451,,TOMILLO SECO KG MARRUECOS,AL PESO,PESO,27.95,30.75,2,1
AV0452,,TRIGO SARRACENO KG FRANCIA,AL PESO,PESO,6.95,7.23,1,1
AV0453,,AGUACATE BACON KG MALAGA,FRESCOS,PESO,4.95,5.15,1,1
AV0454,,AGUACATE HASS KG COIN,FRESCOS,PESO,5.95,6.19,1,1
AV0455,,AGUJA FILETEADA DE TERNERA ECOLOGICA,FRESCOS,UNIDAD,28.95,31.85,2,1
AV0456,,AGUJA PIEZA DE TERNERA ECOLOGICA KG,FRESCOS,PESO,25.95,28.55,2,1
AV0457,,ALAS DE POLLO PRODUCCI”N ECOL”GICA CAT A,FRESCOS,UNIDAD,17.95,19.75,2,1
AV0458,,ALBARICOQUE MALAGA KG,FRESCOS,PESO,3.95,4.11,1,1
AV0459,,ALBONDIGAS DE TERNERA Y CERDO DE PRODUCCI”N ECOL”G,FRESCOS,UNIDAD,25.95,28.55,2,1
AV0460,,ARANDANO HUELVA TARRINA 125 GR,FRESCOS,UNIDAD,3.2,3.33,1,1
AV0461,,BANDEJA 30 HUEVOS MEDIANOS,FRESCOS,UNIDAD,13.95,14.51,1,1
AV0462,,BRAZUELO DE CORDERO PRODUCCI”N ECOL”GICA KG,FRESCOS,PESO,39.95,43.95,2,1
AV0463,,BUTIFARRA DE CERDO PRODUCCION ECOLOGICA KG,FRESCOS,PESO,26.95,29.65,2,1
AV0464,,CABEZA DE LOMO CERDO PRODUCCI”N ECOL”GICA,FRESCOS,UNIDAD,24.95,27.45,2,1
AV0465,,CABEZA DE LOMO FILETEADA CERDO PRODUCCI“N ECOL“GIC,FRESCOS,UNIDAD,24.95,27.45,2,1
AV0466,,CAQUI PERSIMON NACIONAL KG,FRESCOS,PESO,4.95,5.15,1,1
AV0467,,CARCASA DE POLLO PRODUCCI”N ECOL”GICA,FRESCOS,UNIDAD,7.95,8.75,2,1
AV0468,,CARPACCIO DE TERNERA ECOLOGICA KG,FRESCOS,PESO,32.95,36.25,2,1
AV0469,,CARRILLERA DE TERNERA PRODUCCI”N ECOL”GICA KG,FRESCOS,PESO,49.95,54.95,2,1
AV0470,,CA—A DE LOMO DE PRODUCCI”N ECOL”GICA pieza 300 gr,FRESCOS,UNIDAD,34.95,38.45,2,1
AV0471,,CA—A DE LOMO PRODUCCI”N ECOL”GICA 100 grs.,FRESCOS,UNIDAD,6.95,7.65,2,1
AV0472,,CEREZA ESPA—A KG,FRESCOS,PESO,8.95,9.31,1,1
AV0473,,CHIRIMOYA NERJA KG,FRESCOS,PESO,4.45,4.63,1,1
AV0474,,CHISTORRA DE CERDO DE PRODUCCION ECOLOGICA KG,FRESCOS,PESO,26.95,29.65,2,1
AV0475,,CHORIZO BARBACOA PRODUCCI”N ECOL”GICA,FRESCOS,UNIDAD,21.95,24.15,2,1
AV0476,,CHORIZO CRIOLLO DE TERNERA DE PRODUCCION ECOLOGICA,FRESCOS,UNIDAD,29.95,32.95,2,1
AV0477,,CHORIZO PRODUCCI”N ECOL”GICA 100 gr.,FRESCOS,UNIDAD,4.25,4.68,2,1
AV0478,,CHORIZO PRODUCCI”N ECOL”GICA pieza 300 gr,FRESCOS,UNIDAD,9.95,10.95,2,1
AV0479,,CHORIZO SARTA DULCE PRODUCCI”N ECOL”GICA 300 gr,FRESCOS,UNIDAD,7.95,8.75,2,1
AV0480,,CHORIZO SARTA PICANTE PRODUCCI”N ECOL”GICA,FRESCOS,UNIDAD,7.95,8.75,2,1
AV0481,,CHULETAS DE CERDO PRODUCCI”N ECOL”GICA,FRESCOS,UNIDAD,26.95,29.65,2,1
AV0482,,CHULETAS DE CORDERO PRODUCCI”N ECOL”GICA KG,FRESCOS,PESO,45.95,50.55,2,1
AV0483,,CHULETAS PIERNA DE CORDERO PRODUCCI”N ECOL”GICA KG,FRESCOS,PESO,38.95,42.85,2,1
AV0484,,CHULET”N DE TERNERA PRODUCCI”N ECOL”GICA KG,FRESCOS,PESO,35.95,39.55,2,1
AV0485,,CHURRASCO DE POLLO DE PRODUCCI”N ECOL”GICA CAT A,FRESCOS,UNIDAD,28.95,31.85,2,1
AV0486,,CHURRASCO DE TERNERA PRODUCCI”N ECOL”GICA KG,FRESCOS,PESO,20.95,23.05,2,1
AV0487,,CIRUELAS ROJAS MALAGA KG,FRESCOS,PESO,3.95,4.11,1,1
AV0488,,CONTRAMUSLO DE POLLO PRODUCCI”N ECOL”GICA CON h/p,FRESCOS,UNIDAD,23.95,26.35,2,1
AV0489,,CONTRAMUSLO DE POLLO PRODUCCI”N ECOL”GICA SIN h/p,FRESCOS,UNIDAD,28.95,31.85,2,1
AV0490,,CONTRAMUSLO S/H DE PAVO PRODUCCI”N ECOL”GICA,FRESCOS,UNIDAD,26.95,29.65,2,1
AV0491,,COSTILLA CENTRO DE TERNERA PRODUCCI”N ECOL”GICA,FRESCOS,UNIDAD,19.95,21.95,2,1
AV0492,,COSTILLAS DE CERDO PRODUCCI”N ECOL”GICA,FRESCOS,UNIDAD,19.95,21.95,2,1
AV0493,,CREMA DE PAVO 110GR,FRESCOS,UNIDAD,3.95,4.35,2,1
AV0494,,CREMA DE POLLO 110GR,FRESCOS,UNIDAD,3.95,4.35,2,1
AV0495,,ENTRA—A DE TERNERA PRODUCCI”N ECOL”GICA KG,FRESCOS,PESO,29.95,32.95,2,1
AV0496,,ESTOFADO DE PAVO DE PRODUCCI”N ECOL”GICA,FRESCOS,UNIDAD,27.95,30.75,2,1
AV0497,,EXTRA FILETEADA DE TERNERA ECOLOGICA kg,FRESCOS,PESO,31.95,35.15,2,1
AV0498,,EXTRA PIEZA DE TERNERA ECOLOGICA,FRESCOS,UNIDAD,29.95,32.95,2,1
AV0499,,FALDA PIEZA DE TERNERA ECOLOGICA KG,FRESCOS,PESO,22.95,25.25,2,1
AV0500,,FRAMBUESA HUELVA TARRINA 125 GR,FRESCOS,UNIDAD,3.5,3.64,1,1
AV0501,,FRESA HUELVA CAJA 1KG ESPA—A,FRESCOS,PESO,11.95,12.43,1,1
AV0502,,FRESA HUELVA CAJA 250 GR ESPA—A,FRESCOS,UNIDAD,4.5,4.68,1,1
AV0503,,GRANADA KG MALAGA,FRESCOS,PESO,3.95,4.11,1,1
AV0504,,HAMBURGUESA DE PAVO PRODUCCION ECOLOGICA KG,FRESCOS,PESO,24.95,27.45,2,1
AV0505,,HAMBURGUESA DE POLLO PRODUCCION ECOLOGICA,FRESCOS,UNIDAD,24.95,27.45,2,1
AV0506,,HAMBURGUESA DE RETINTO CON PARMESANO DE PRODUCCION,FRESCOS,UNIDAD,46.95,51.65,2,1
AV0507,,HAMBURGUESA DE TERNERA ECOL”GICA KG,FRESCOS,PESO,26.95,29.65,2,1
AV0508,,HIGADO FILETEADO DE TERNERA PRODUCCI”N ECOL”GICA k,FRESCOS,UNIDAD,23.95,26.35,2,1
AV0509,,HIGOS FRESCOS MALAGA KG,FRESCOS,PESO,5.95,6.19,1,1
AV0510,,HUESO DE TERNERA PRODUCCI”N ECOL”GICA Kg.,FRESCOS,PESO,10.95,12.05,2,1
AV0511,,HUEVOS CAJA 6 UND COIN,FRESCOS,UNIDAD,2.95,3.07,1,1
AV0512,,JAMON COCIDO LONCHEADO 100GR,FRESCOS,UNIDAD,4.95,5.45,2,1
AV0513,,JAMON FILETEADO DE CERDO PRODUCCI”N ECOL”GICA,FRESCOS,UNIDAD,31.95,35.15,2,1
AV0514,,JAMON PIEZA DE CERDO PRODUCCI”N ECOL”GICA,FRESCOS,UNIDAD,28.95,31.85,2,1
AV0515,,JAMON SERRANO LONCHEADO 100GR,FRESCOS,UNIDAD,7.95,8.75,2,1
AV0516,,JAMONCITOS DE POLLO PRODUCCI”N ECOL”GICA CAT A,FRESCOS,UNIDAD,21.95,24.15,2,1
AV0517,,JAM”N COCIDO PRODUCCI”N ECOL”GICA 100gr,FRESCOS,UNIDAD,4.95,5.45,2,1
AV0518,,JARRETE PIEZA DE TERNERA ECOLOGICA KG,FRESCOS,PESO,25.95,28.55,2,1
AV0519,,KEFIR CABRA YOGUR NATURAL 420 GR,FRESCOS,UNIDAD,3.95,4.35,2,1
AV0520,,KIWI AMARILLO KG NACIONAL,FRESCOS,PESO,8.27,8.6,1,1
AV0521,,KIWI KG NACIONAL,FRESCOS,PESO,5.95,6.19,1,1
AV0522,,LECHE SEMIDESNATADA 1 LITRO,FRESCOS,PESO,2.2,2.29,1,1
AV0523,,LENGUA DE TERNERA PRODUCCI”N ECOL”GICA KG,FRESCOS,PESO,22.95,25.25,2,1
AV0524,,LIMON KG MALAGA,FRESCOS,PESO,1.95,2.03,1,1
AV0525,,LINGOTE DE PRESA DE TERNERA RETINTA DE PRODUCCION,FRESCOS,UNIDAD,38.95,42.85,2,1
AV0526,,LOMO DE CERDO ADOBADO FILETEADO DE PRODUCCION ECOL,FRESCOS,UNIDAD,31.95,35.15,2,1
AV0527,,LOMO DE CERDO PRODUCCI”N ECOL”GICA,FRESCOS,UNIDAD,25.95,28.55,2,1
AV0528,,LOMO ENTRECOT DE TERNERA PRODUCCI”N ECOL”GICA KG,FRESCOS,PESO,39.95,43.95,2,1
AV0529,,LOMO FILETEADO DE CERDO PRODUCCI”N ECOL”GICA,FRESCOS,UNIDAD,33.95,37.35,2,1
AV0530,,LOMO FILETEADO DE TERNERA DE PRODUCCION ECOLOGICA,FRESCOS,UNIDAD,62.95,69.25,2,1
AV0531,,LOMO PIEZA MADURADO DE TERNERA PRODUCCI”N ECOL”GIC,FRESCOS,UNIDAD,59.95,65.95,2,1
AV0532,,LONGANIZA DE PAVO DE PRODUCCION ECOLOGICA KG,FRESCOS,PESO,27.95,30.75,2,1
AV0533,,MAGRO PIEZA DE CERDO PRODUCCI”N ECOL”GICA,FRESCOS,UNIDAD,23.95,26.35,2,1
AV0534,,MAGRO PIEZA DE TERNERA ECOLOGICA kg,FRESCOS,PESO,25.95,28.55,2,1
AV0535,,MAGRO TROCEADO DE CERDO PRODUCCI”N ECOL”GICA,FRESCOS,UNIDAD,23.95,26.35,2,1
AV0536,,MAGRO TROCEADO DE TERNERA ECOLOGICA kg,FRESCOS,PESO,27.95,30.75,2,1
AV0537,,MANDARINA MALAGA KG,FRESCOS,PESO,2.95,3.07,1,1
AV0538,,MANGO MALAGA KG,FRESCOS,PESO,6.95,7.23,1,1
AV0539,,MANITAS DE CERDO DE PRODUCCION ECOLOGICA,FRESCOS,UNIDAD,13.95,15.35,2,1
AV0540,,MANTEQUILLA  XANCEDA 175GR,FRESCOS,UNIDAD,4.75,5.23,2,1
AV0541,,MANTEQUILLA CLARIFICADA GHEE 220ML,FRESCOS,UNIDAD,11.95,13.15,2,1
AV0542,,MANTEQUILLA CLARIFICADA GHEE 450ML,FRESCOS,UNIDAD,16.95,18.65,2,1
AV0543,,MANZANA FUJI KG NACIONAL,FRESCOS,PESO,3.95,4.11,1,1
AV0544,,MANZANA GOLDEN KG NACIONAL,FRESCOS,PESO,2.95,3.07,1,1
AV0545,,MANZANA ROYAL KG NACIONAL,FRESCOS,PESO,3.5,3.64,1,1
AV0546,,MEDIO POLLO PRODUCCI”N ECOL”GICA CAT A,FRESCOS,UNIDAD,18.95,20.85,2,1
AV0547,,MELOCOTON MALAGA KG,FRESCOS,PESO,4.95,5.15,1,1
AV0548,,MELON CANTALOUP KG ESPA—A,FRESCOS,PESO,3.95,4.11,1,1
AV0549,,MELON PIEL SAPO KG ESPA—A,FRESCOS,PESO,3.65,3.8,1,1
AV0550,,MENUDO DE TERNERA ECOLOGICA (Callos) KG,FRESCOS,PESO,11.95,13.15,2,1
AV0551,,MORAS TARRINA 125 GR ESPA—A,FRESCOS,UNIDAD,3.95,4.11,1,1
AV0552,,MORCILLA CURADA PRODUCCI”N ECOL”GICA,FRESCOS,UNIDAD,17.95,19.75,2,1
AV0553,,MUSLO DE POLLO PRODUCCI”N ECOL”GICA CAT A,FRESCOS,UNIDAD,20.95,23.05,2,1
AV0554,,NARANJA ZUMO KG MALAGA,FRESCOS,PESO,2.75,2.86,1,1
AV0555,,NECTARINA MALAGA KG,FRESCOS,PESO,3.95,4.11,1,1
AV0556,,NISPERO COIN KG,FRESCOS,PESO,3.95,4.11,1,1
AV0557,,OSOBUCO DE TERNERA ECOLOGICA KG,FRESCOS,PESO,24.95,27.45,2,1
AV0558,,PANCETA DE CERDO PRODUCCI”N ECOL”GICA,FRESCOS,UNIDAD,18.95,20.85,2,1
AV0559,,PAPAYA MALAGA KG,FRESCOS,PESO,4.95,5.15,1,1
AV0560,,PARAGUAYO MOTRIL KG,FRESCOS,PESO,3.95,4.11,1,1
AV0561,,PECHUGA ENTERA DE PAVO PRODUCCI”N ECOL”GICA,FRESCOS,UNIDAD,39.95,43.95,2,1
AV0562,,PECHUGA ENTERA DE POLLO PRODUCCI”N ECOL”GICA CAT A,FRESCOS,UNIDAD,39.95,43.95,2,1
AV0563,,PECHUGA FILETEADA DE PAVO PRODUCCI”N ECOL”GICA,FRESCOS,UNIDAD,40.95,45.05,2,1
AV0564,,PECHUGA FILETEADA DE POLLO PRODUCCI”N ECOL”GICA,FRESCOS,UNIDAD,39.95,43.95,2,1
AV0565,,PECHUGA PAVO COCIDA 80GR,FRESCOS,UNIDAD,4.95,5.45,2,1
AV0566,,PERA KG ESPA—A,FRESCOS,PESO,3.95,4.11,1,1
AV0567,,PICADA DE CERDO PRODUCCI”N ECOL”GICA,FRESCOS,UNIDAD,23.95,26.35,2,1
AV0568,,PICADA DE PAVO PRODUCCI”N ECOL”GICA,FRESCOS,UNIDAD,27.95,30.75,2,1
AV0569,,PICADA DE POLLO PRODUCCI”N ECOL”GICA CAT A,FRESCOS,UNIDAD,30.95,34.05,2,1
AV0570,,PICADA DE TERNERA ECOLOGICA Kg.,FRESCOS,PESO,27.95,30.75,2,1
AV0571,,PIERNA DE CORDERO DE PRODUCCI”N ECOL”GICA KG,FRESCOS,PESO,33.95,37.35,2,1
AV0572,,PINCHOS DE CORDERO PRODUCCI”N ECOL”GICA,FRESCOS,UNIDAD,49.95,54.95,2,1
AV0573,,PINCHOS DE POLLO ECOLOGICO KG,FRESCOS,PESO,38.95,42.85,2,1
AV0574,,PLATANO KG CANARIAS,FRESCOS,PESO,3.35,3.48,1,1
AV0575,,PLUMA DE CERDO PRODUCCI”N ECOL”GICA,FRESCOS,UNIDAD,28.95,31.85,2,1
AV0576,,POLLO FRESCO PRODUCCI”N ECOL”GICA CAT A,FRESCOS,UNIDAD,16.95,18.65,2,1
AV0577,,POLLO TROCEADO DE PRODUCCI”N ECOL”GICA CAT A,FRESCOS,UNIDAD,21.95,24.15,2,1
AV0578,,POMELO MALAGA KG,FRESCOS,PESO,1.95,2.03,1,1
AV0579,,PREPARADO PARA CALDOS ECOLOGICO,FRESCOS,UNIDAD,11.95,13.15,2,1
AV0580,,PREPARADO PARA LEGUMBRES PRODUCCI”N ECOL”GICA,FRESCOS,UNIDAD,8.95,9.85,2,1
AV0581,,PREPARADO PARA PUCHERO ECOLOGICO UNIDAD,FRESCOS,UNIDAD,12.95,14.25,2,1
AV0582,,PRESA DE CERDO PRODUCCI”N ECOL”GICA,FRESCOS,UNIDAD,28.95,31.85,2,1
AV0583,,PRIMERA FILETEADA DE TERNERA ECOLOGICA KG,FRESCOS,PESO,29.95,32.95,2,1
AV0584,,PRIMERA PIEZA DE TERNERA ECOLOGICA KG,FRESCOS,PESO,31.95,35.15,2,1
AV0585,,QUESO CABRA CURADO 330 GR,FRESCOS,UNIDAD,12.95,13.47,1,1
AV0586,,QUESO CABRA SEMICURADO 330 GR,FRESCOS,UNIDAD,10.95,11.39,1,1
AV0587,,QUESO CREMOSO XANCEDA 175GR,FRESCOS,UNIDAD,3.35,3.48,1,1
AV0588,,QUESO OVEJA CURADO 275 GR,FRESCOS,UNIDAD,7.95,7.95,4,1
AV0589,,QUESO PARA UNTAR CALIFORNIA,FRESCOS,UNIDAD,3.2,3.33,1,1
AV0590,,QUESO TIERNO VACA 600GR,FRESCOS,UNIDAD,12.95,13.47,1,1
AV0591,,RABO DE TERNERA PRODUCCI”N ECOL”GICA KG,FRESCOS,PESO,29.95,32.95,2,1
AV0592,,RI—ONES DE TERNERA PRODUCCI”N ECOL”GICA KG,FRESCOS,PESO,15.95,17.55,2,1
AV0593,,SALCHICHA FRANKFURT AVE QUESO 250GR,FRESCOS,UNIDAD,6.95,7.65,2,1
AV0594,,SALCHICHA FRANKFURT DE PAVO 250GR,FRESCOS,UNIDAD,5.95,6.55,2,1
AV0595,,SALCHICHA FRANKFURT DE POLLO 250GR,FRESCOS,UNIDAD,5.95,6.55,2,1
AV0596,,SALCHICHAS FRESCAS DE CERDO DE PRODUCCION ECOLOGIC,FRESCOS,UNIDAD,26.95,29.65,2,1
AV0597,,SALCHICHAS FRESCAS DE POLLO DE PRODUCCION ECOLOGIC,FRESCOS,UNIDAD,31.95,35.15,2,1
AV0598,,SALCHICHON PRODUCCI”N ECOL”GICA 100 gr,FRESCOS,UNIDAD,4.25,4.68,2,1
AV0599,,SALCHICH”N PRODUCCI”N ECOL”GICA pieza 300gr,FRESCOS,UNIDAD,9.95,10.95,2,1
AV0600,,SANDIA KG ESPA—A,FRESCOS,PESO,2.45,2.55,1,1
AV0601,,SECRETO DE CERDO PRODUCCI”N ECOL”GICA,FRESCOS,UNIDAD,32.95,36.25,2,1
AV0602,,SOLOMILLO CORTADO DE TERNERA PRODUCCI”N ECOL,FRESCOS,UNIDAD,85.95,94.55,2,1
AV0603,,SOLOMILLO DE CERDO PRODUCCI”N ECOL”GICA,FRESCOS,UNIDAD,36.95,40.65,2,1
AV0604,,SOLOMILLO PIEZA DE TERNERA PRODUCCI”N ECOL,FRESCOS,UNIDAD,59.95,65.95,2,1
AV0605,,TOCINO DE CERDO PRODUCCI”N ECOL”GICA,FRESCOS,UNIDAD,5.95,6.55,2,1
AV0606,,UVAS ESPA—A KG,FRESCOS,PESO,4.95,5.15,1,1
AV0607,,YOGUR CABRA COCO 420GR,FRESCOS,UNIDAD,3.95,4.11,1,1
AV0608,,YOGUR CABRA FRESAS 2 X 125GR,FRESCOS,UNIDAD,2.65,2.76,1,1
AV0609,,YOGUR CABRA GRIEGO NATURAL 420GR,FRESCOS,UNIDAD,3.95,4.11,1,1
AV0610,,YOGUR CABRA NATURAL 420GR,FRESCOS,UNIDAD,3.95,4.11,1,1
AV0611,,YOGUR CABRA VAINILLA 420GR,FRESCOS,UNIDAD,3.95,4.11,1,1
AV0612,,YOGUR OVEJA NATURAL 420GR,FRESCOS,UNIDAD,3.95,4.11,1,1
AV0613,,AGUA COCO 1L,BEBIDAS E INFUSIONES,UNIDAD,5.95,6.55,2,1
AV0614,,AGUA DE MAR 1L CRISTAL,BEBIDAS E INFUSIONES,UNIDAD,4.95,5.45,2,1
AV0615,,AGUA DE MAR 3 L BAG IN BOX,BEBIDAS E INFUSIONES,UNIDAD,6.95,7.65,2,1
AV0616,,BEBIDA ALPISTE 1 LITRO,BEBIDAS E INFUSIONES,PESO,2.95,3.25,2,1
AV0617,,BEBIDA ARROZ 1 LITRO,BEBIDAS E INFUSIONES,PESO,2.75,3.03,2,1
AV0618,,BEBIDA AVENA COCO 1 LITRO,BEBIDAS E INFUSIONES,PESO,2.95,3.25,2,1
AV0619,,BEBIDA AVENA NATURAL 1 LITRO,BEBIDAS E INFUSIONES,PESO,2.2,2.42,2,1
AV0620,,BEBIDA AVENA SIN GLUTEN 1 LITRO,BEBIDAS E INFUSIONES,PESO,2.2,2.42,2,1
AV0621,,BEBIDA CA—AMO NATURAL 1 LITRO,BEBIDAS E INFUSIONES,PESO,3.75,4.13,2,1
AV0622,,BEBIDA COCO NATURAL 1 LITRO,BEBIDAS E INFUSIONES,PESO,3.5,3.85,2,1
AV0623,,HORCHATA DE CHUFA 1 LITRO,BEBIDAS E INFUSIONES,PESO,3.45,3.8,2,1
AV0624,,KEFIR UP AGUA LIMON Y JENGIBRE 500 ML,BEBIDAS E INFUSIONES,UNIDAD,3.5,3.85,2,1
AV0625,,KOMBUCHA 1 LITRO,BEBIDAS E INFUSIONES,PESO,6.2,6.82,2,1
AV0626,,KOMBUCHA 330ML,BEBIDAS E INFUSIONES,UNIDAD,3.2,3.52,2,1
AV0627,,TE MATCHA UJI 70 GR JAPON,BEBIDAS E INFUSIONES,UNIDAD,13.95,15.35,2,1
AV0628,,VINO BLANCO ALBERTO VERBEJO,BEBIDAS E INFUSIONES,UNIDAD,11.95,14.46,3,1
AV0629,,VINO BLANCO COCINAR,BEBIDAS E INFUSIONES,UNIDAD,3.95,4.78,3,1
AV0630,,VINO TINTO ALBERTO TEMPRANILLO,BEBIDAS E INFUSIONES,UNIDAD,12.95,15.67,3,1
AV0631,,VINO TINTO PROTOS,BEBIDAS E INFUSIONES,UNIDAD,16.95,20.51,3,1
AV0632,,ZUMO ARANDANO ROJO 500ML,BEBIDAS E INFUSIONES,UNIDAD,8.95,9.85,2,1
AV0633,,ZUMO DETOX ABC 1 LITRO,BEBIDAS E INFUSIONES,PESO,3.95,4.35,2,1
AV0634,,ZUMO MEDITERRANEO 750ML,BEBIDAS E INFUSIONES,UNIDAD,2.95,3.25,2,1
AV0635,,ZUMO UVA ROJA 1 LITRO,BEBIDAS E INFUSIONES,PESO,3.95,4.35,2,1
AV0636,,ACEITE CAPILAR ANTIPARASTARIO FASE1,CUIDADO PERSONAL,UNIDAD,18.5,22.39,3,1
AV0637,,ACONDICIONADOR PELO CREMA,CUIDADO PERSONAL,UNIDAD,7.95,8.27,1,1
AV0638,,ACONDICIONADOR PELO SOLIDO,CUIDADO PERSONAL,UNIDAD,7.95,8.27,1,1
AV0639,,ALCOHOL ROMERO EL MATORRAL 150ML,CUIDADO PERSONAL,UNIDAD,7.95,7.95,4,1
AV0640,,BALSAMO DEL LINCE EL MATORRAL,CUIDADO PERSONAL,UNIDAD,9.9,11.98,3,1
AV0641,,BALSAMO LABIAL EL MATORRAL,CUIDADO PERSONAL,UNIDAD,3.3,3.99,3,1
AV0642,,BALSAMO LABIAL EL MATORRAL ROJO,CUIDADO PERSONAL,UNIDAD,3.3,3.99,3,1
AV0643,,BASTONCILLOS LIMPIAOIDOS BAMBU 100U,CUIDADO PERSONAL,UNIDAD,2.1,2.54,3,1
AV0644,,CEPILLO DIENTES ADULTO,CUIDADO PERSONAL,UNIDAD,4.35,5.26,3,1
AV0645,,CEPILLO DIENTES INFANTIL,CUIDADO PERSONAL,UNIDAD,4.95,5.45,2,1
AV0646,,CHAMPU SOLIDO PELO,CUIDADO PERSONAL,UNIDAD,7.35,7.35,4,1
AV0647,,CHAMP⁄ ANTIPARASITARIO FASE 2,CUIDADO PERSONAL,UNIDAD,14.7,17.79,3,1
AV0648,,CONTORNO DE OJOS EL MATORRAL,CUIDADO PERSONAL,UNIDAD,9.95,10.99,2,1
AV0649,,CREMA FACIAL HIDRATANTE  EL MATORRA,CUIDADO PERSONAL,UNIDAD,10.95,12.1,2,1
AV0650,,CREMA FACIAL NOCHE PIEL SECA 70ML,CUIDADO PERSONAL,UNIDAD,19.95,20.75,1,1
AV0651,,CREMA FACIAL NUTRITIVA 70ML,CUIDADO PERSONAL,UNIDAD,19.95,20.75,1,1
AV0652,,CREMA FACIAL PIEL DELICADA 70ML,CUIDADO PERSONAL,UNIDAD,19.95,24.14,3,1
AV0653,,CREMA FACIAL PIEL MADURA 70ML,CUIDADO PERSONAL,UNIDAD,19.95,24.14,3,1
AV0654,,CREMA FACIAL PIEL MIXTA 70ML,CUIDADO PERSONAL,UNIDAD,19.95,20.75,1,1
AV0655,,DENTIFRICO ALOE SENSITIVE 100ML,CUIDADO PERSONAL,UNIDAD,8.95,10.83,3,1
AV0656,,DENTIFRICO BLANQUEADOR 100ML,CUIDADO PERSONAL,UNIDAD,8.95,10.83,3,1
AV0657,,DESODORANTE NATURAL CREMA 70 ML,CUIDADO PERSONAL,UNIDAD,15.95,16.59,1,1
AV0658,,Desodorante en crema EnergÌa Especiada 30 ml.,CUIDADO PERSONAL,UNIDAD,12.45,15.06,3,1
AV0659,,Desodorante en crema Extra Fuerte 30 ml.,CUIDADO PERSONAL,UNIDAD,12.45,15.06,3,1
AV0660,,Desodorante en crema Floral. 30 ml.,CUIDADO PERSONAL,UNIDAD,12.45,15.06,3,1
AV0661,,Desodorante en crema Fruta Fresca. 30 ml.,CUIDADO PERSONAL,UNIDAD,12.45,15.06,3,1
AV0662,,Desodorante en crema Pieles Sensibles 30 ml.,CUIDADO PERSONAL,UNIDAD,12.45,15.06,3,1
AV0663,,ESPONJA LUFA 25 CM ARTESANAL,CUIDADO PERSONAL,UNIDAD,6.5,6.76,1,1
AV0664,,ESPONJA LUFA PLATOS,CUIDADO PERSONAL,UNIDAD,3.95,4.78,3,1
AV0665,,ESPONJA MARINA BaÒo Honey Comb Natural,CUIDADO PERSONAL,UNIDAD,9.95,10.35,1,1
AV0666,,ESPONJA MARINA Facial Blanqueada,CUIDADO PERSONAL,UNIDAD,5.95,6.19,1,1
AV0667,,GEL ALOE VERA BIO,CUIDADO PERSONAL,UNIDAD,12.95,14.25,2,1
AV0668,,GEL CHAMPU ARBOL DEL TE,CUIDADO PERSONAL,UNIDAD,12.95,15.67,3,1
AV0669,,GEL DE BA—O 1 LITRO,CUIDADO PERSONAL,PESO,5.95,7.2,3,1
AV0670,,HILO DENTAL SEDA NATURAL 30 MT,CUIDADO PERSONAL,UNIDAD,5.75,6.96,3,1
AV0671,,JABON ARCILLA VERDE ARTESANO,CUIDADO PERSONAL,UNIDAD,6.6,6.6,4,1
AV0672,,JABON CALENDULA MANZANILLA ARTESANO,CUIDADO PERSONAL,UNIDAD,6.6,6.6,4,1
AV0673,,JABON FACIAL PIEL GRASA EL MATORRAL,CUIDADO PERSONAL,UNIDAD,3.3,3.3,4,1
AV0674,,JALEA REAL EL MATORRAL,CUIDADO PERSONAL,UNIDAD,8.95,9.89,2,1
AV0675,,LABIAL AGUACATE Y POMELO,CUIDADO PERSONAL,UNIDAD,7.95,8.27,1,1
AV0676,,LABIAL CACAO Y ALMENDRAS,CUIDADO PERSONAL,UNIDAD,7.95,8.27,1,1
AV0677,,LOCION CORPORAL PEPITA UVA Y JOJOBA,CUIDADO PERSONAL,UNIDAD,19.95,20.75,1,1
AV0678,,LOCI”N SPRAY ANTIPARASITARIA FASE 3,CUIDADO PERSONAL,UNIDAD,14.2,17.18,3,1
AV0679,,PAPEL COCINA TRES ROLLOS,CUIDADO PERSONAL,UNIDAD,4.95,5.99,3,1
AV0680,,PAPEL HIGIENICO DOBLE CAPA 6 ROLLOS,CUIDADO PERSONAL,UNIDAD,3.95,4.78,3,1
AV0681,,PASTA DE DIENTES GRANDE,CUIDADO PERSONAL,UNIDAD,13.95,14.51,1,1
AV0682,,PASTA DE DIENTES PEQUE—A,CUIDADO PERSONAL,UNIDAD,8.95,9.31,1,1
AV0683,,PA—UELOS BOLSILLO 10 PAQUETES,CUIDADO PERSONAL,UNIDAD,1.6,1.76,2,1
AV0684,,PA—UELOS FACIALES 150 UND,CUIDADO PERSONAL,UNIDAD,1.95,2.36,3,1
AV0685,,PROPOLEO EL MATORRAL 30 ML,CUIDADO PERSONAL,UNIDAD,9.95,10.99,2,1
AV0686,,RECAMBIOS HILO DENTAL 2 ROLLOS,CUIDADO PERSONAL,UNIDAD,7.3,8.83,3,1
AV0687,,SACO TERMICO CUELLO,CUIDADO PERSONAL,UNIDAD,8.25,8.25,4,1
AV0688,,SACO TERMICO LUMBAR GRANDE,CUIDADO PERSONAL,UNIDAD,8.95,8.95,4,1
AV0689,,SACO TERMICO LUMBAR PEQUE—O,CUIDADO PERSONAL,UNIDAD,6.95,6.95,4,1
AV0690,,SACO TERMICO OJOS,CUIDADO PERSONAL,UNIDAD,3.95,3.95,4,1
AV0691,,ABRILLANTADOR LAVAVAJILLAS BIOBEL,HOGAR,UNIDAD,6.95,8.41,3,1
AV0692,,ANTICAL CON VINAGRE 1000ML,HOGAR,UNIDAD,3.75,4.54,3,1
AV0693,,BLANQUEADOR ROPA 1 KG,HOGAR,PESO,8.95,10.83,3,1
AV0694,,BOLSA KRAFT ASA,HOGAR,UNIDAD,0.51,0.56,2,1
AV0695,,BOLSA KRAFT PEQUE—A,HOGAR,UNIDAD,0.05,0.06,2,1
AV0696,,BOLSA PLASTICO,HOGAR,UNIDAD,0.06,0.07,2,1
AV0697,,"BOTELLA CRISTAL OM WATER 1,23L",HOGAR,UNIDAD,17.95,21.72,3,1
AV0698,,DESENGRASANTE POMELO 750ML,HOGAR,UNIDAD,3.4,4.11,3,1
AV0699,,"DETERGENTE LAVADORA BOTELLA 1,5 LITROS",HOGAR,PESO,10.95,13.25,3,1
AV0700,,DETERGENTE LAVADORA LITRO,HOGAR,PESO,4.95,5.99,3,1
AV0701,,"DETERGENTE LAVADORA PIELES SENSIBLES 1,5L",HOGAR,UNIDAD,9.95,12.04,3,1
AV0702,,DETERGENTE LAVAVAJILLAS LITRO,HOGAR,PESO,5.95,7.2,3,1
AV0703,,GEL LAVAVAJILLAS AUTOMATICO 1 LITRO,HOGAR,PESO,9.2,11.13,3,1
AV0704,,GEL WC LAVANDA 500ML,HOGAR,UNIDAD,3.95,4.78,3,1
AV0705,,JAB”N QUITAMANCHAS ECO 750 ML,HOGAR,UNIDAD,4.95,5.99,3,1
AV0706,,LAVAVAJILLAS BOTELLA 1 LITRO,HOGAR,PESO,6.95,8.41,3,1
AV0707,,LIMPIACRISTALES 750 ML SPRAY,HOGAR,UNIDAD,3.95,4.78,3,1
AV0708,,LIMPIAHOGAR MULTIUSOS GRANEL LITRO,HOGAR,PESO,5.95,7.2,3,1
AV0709,,MOLINILLO ACRILICO 14 CM,HOGAR,UNIDAD,9.95,10.95,2,1
AV0710,,MOLINILLO MADERA 17 CM,HOGAR,UNIDAD,8.95,9.85,2,1
AV0711,,PASTILLAS LAVAVAJILLAS AUTO 50 UND,HOGAR,UNIDAD,15.95,19.3,3,1
AV0712,,SAL LAVAVAJILLAS AUT 2 KG,HOGAR,PESO,5.95,6.55,2,1
AV0713,,SERVICIO A DOMICILIO,HOGAR,UNIDAD,5.0,5.0,4,1
AV0714,,SUAVIZANTE ROPA FLOR ALGODON 750ml,HOGAR,UNIDAD,2.95,3.57,3,1
AV0715,,VINAGRE LIMPIEZA 1000ML,HOGAR,UNIDAD,3.5,4.24,3,1
